game_date,game_pk,team,player_name,batter,batter_pa_number_this_game,outs_when_up,runner_situation_start,runner_situation_before_final_pitch,runner_situation_changed_during_pa,events
2026-07-01,824419,CLE,"Fry, David",681807,1,0,empty,empty,1,strikeout
2026-07-01,824419,CLE,"DeLauter, Chase",800050,1,1,empty,empty,1,double
2026-07-01,824419,CLE,"Hoskins, Rhys",656555,1,1,2B,2B,1,strikeout
2026-07-01,824419,CLE,"Manzardo, Kyle",700932,1,2,2B,2B,1,field_out
2026-07-01,824419,CLE,"Rocchio, Brayan",677587,1,0,empty,empty,1,single
2026-07-01,824419,CLE,"Arias, Gabriel",672356,1,0,1B,1B,1,single
2026-07-01,824419,CLE,"Watson, Kahlil",696135,1,0,1B+3B,1B+3B,1,strikeout
2026-07-01,824419,CLE,"Hedges, Austin",595978,1,1,1B+3B,1B+3B,1,sac_bunt
2026-07-01,824419,CLE,"Schneemann, Daniel",682177,1,1,1B+2B,1B+2B,1,walk
2026-07-01,824419,CLE,"Fry, David",681807,2,1,1B+2B+3B,2B+3B,0,home_run
2026-07-01,824419,CLE,"DeLauter, Chase",800050,2,1,empty,empty,1,field_out
2026-07-01,824419,CLE,"Hoskins, Rhys",656555,2,2,empty,empty,1,strikeout
2026-07-01,824419,CLE,"Manzardo, Kyle",700932,2,0,empty,empty,1,single
2026-07-01,824419,CLE,"Rocchio, Brayan",677587,2,0,1B,1B,1,strikeout
2026-07-01,824419,CLE,"Arias, Gabriel",672356,2,1,1B,1B,1,field_out
2026-07-01,824419,CLE,"Watson, Kahlil",696135,2,2,1B,1B,1,double
2026-07-01,824419,CLE,"Hedges, Austin",595978,2,2,2B+3B,2B+3B,1,field_out
2026-07-01,824419,CLE,"Schneemann, Daniel",682177,2,0,empty,empty,1,field_out
2026-07-01,824419,CLE,"Fry, David",681807,3,1,empty,empty,1,field_out
2026-07-01,824419,CLE,"DeLauter, Chase",800050,3,2,empty,empty,1,single
2026-07-01,824419,CLE,"Hoskins, Rhys",656555,3,2,1B,1B,1,field_out
2026-07-01,824419,CLE,"Manzardo, Kyle",700932,3,0,empty,empty,1,strikeout
2026-07-01,824419,CLE,"Rocchio, Brayan",677587,3,1,empty,empty,1,field_out
2026-07-01,824419,CLE,"Arias, Gabriel",672356,3,2,empty,empty,1,strikeout
2026-07-01,824419,CLE,"Watson, Kahlil",696135,3,0,empty,empty,1,field_out
2026-07-01,824419,CLE,"Hedges, Austin",595978,3,1,empty,empty,1,field_out
2026-07-01,824419,CLE,"Schneemann, Daniel",682177,3,2,empty,empty,1,field_out
2026-07-01,824419,CLE,"Kwan, Steven",680757,1,0,empty,empty,1,triple
2026-07-01,824419,CLE,"DeLauter, Chase",800050,4,0,3B,3B,1,single
2026-07-01,824419,CLE,"Hoskins, Rhys",656555,4,0,1B,3B,0,walk
2026-07-01,824419,CLE,"Manzardo, Kyle",700932,4,0,1B,1B,1,field_out
2026-07-01,824419,CLE,"Rocchio, Brayan",677587,4,1,1B,1B,1,field_out
2026-07-01,824419,CLE,"Arias, Gabriel",672356,4,2,1B,1B,1,field_out
2026-07-01,824419,CLE,"Watson, Kahlil",696135,4,0,empty,empty,1,single
2026-07-01,824419,CLE,"Hedges, Austin",595978,4,0,1B,1B,1,home_run
2026-07-01,824419,CLE,"Schneemann, Daniel",682177,4,0,empty,empty,1,strikeout
2026-07-01,824419,CLE,"Kwan, Steven",680757,2,1,empty,empty,1,field_out
2026-07-01,824419,CLE,"DeLauter, Chase",800050,5,2,empty,empty,1,field_out
2026-07-02,824416,CLE,"Bazzana, Travis",683953,1,0,empty,empty,1,single
2026-07-02,824416,CLE,"DeLauter, Chase",800050,1,0,1B,1B,1,single
2026-07-02,824416,CLE,"Manzardo, Kyle",700932,1,0,1B+3B,3B,0,walk
2026-07-02,824416,CLE,"Watson, Kahlil",696135,1,1,1B+3B,1B+3B,1,double_play
2026-07-02,824416,CLE,"Rocchio, Brayan",677587,1,0,empty,empty,1,field_out
2026-07-02,824416,CLE,"Ingle, Cooper",694876,1,1,empty,empty,1,field_out
2026-07-02,824416,CLE,"Arias, Gabriel",672356,1,2,empty,empty,1,field_out
2026-07-02,824416,CLE,"Bailey, Patrick",672275,1,0,empty,empty,1,double
2026-07-02,824416,CLE,"Kwan, Steven",680757,1,0,2B,3B,0,field_out
2026-07-02,824416,CLE,"Bazzana, Travis",683953,2,1,3B,3B,1,double
2026-07-02,824416,CLE,"DeLauter, Chase",800050,2,1,2B,2B,1,field_out
2026-07-02,824416,CLE,"Manzardo, Kyle",700932,2,2,3B,3B,1,walk
2026-07-02,824416,CLE,"Watson, Kahlil",696135,2,2,1B+3B,1B+3B,1,walk
2026-07-02,824416,CLE,"Rocchio, Brayan",677587,2,2,1B+2B+3B,1B+2B+3B,1,walk
2026-07-02,824416,CLE,"Ingle, Cooper",694876,2,2,1B+2B+3B,1B+2B+3B,1,field_out
2026-07-02,824416,CLE,"Arias, Gabriel",672356,2,0,empty,empty,1,field_out
2026-07-02,824416,CLE,"Bailey, Patrick",672275,2,1,empty,empty,1,single
2026-07-02,824416,CLE,"Kwan, Steven",680757,2,1,1B,1B,1,single
2026-07-02,824416,CLE,"Bazzana, Travis",683953,3,1,1B+2B,1B+2B,1,walk
2026-07-02,824416,CLE,"DeLauter, Chase",800050,3,1,1B+2B+3B,1B+2B+3B,1,field_out
2026-07-02,824416,CLE,"Manzardo, Kyle",700932,3,2,1B+2B+3B,1B+2B+3B,1,field_out
2026-07-02,824416,CLE,"Watson, Kahlil",696135,3,0,empty,empty,1,field_out
2026-07-02,824416,CLE,"Rocchio, Brayan",677587,3,1,empty,empty,1,field_out
2026-07-02,824416,CLE,"Ingle, Cooper",694876,3,2,empty,empty,1,field_out
2026-07-02,824416,CLE,"Arias, Gabriel",672356,3,0,empty,empty,1,single
2026-07-02,824416,CLE,"Bailey, Patrick",672275,3,0,1B,1B,1,field_out
2026-07-02,824416,CLE,"Kwan, Steven",680757,3,1,1B,1B,1,walk
2026-07-02,824416,CLE,"Bazzana, Travis",683953,4,1,1B+2B,1B+2B,1,walk
2026-07-02,824416,CLE,"DeLauter, Chase",800050,4,1,1B+2B+3B,1B+2B+3B,1,field_out
2026-07-02,824416,CLE,"Hoskins, Rhys",656555,1,2,2B+3B,2B+3B,1,strikeout
2026-07-02,824416,CLE,"Watson, Kahlil",696135,4,0,empty,empty,1,field_out
2026-07-02,824416,CLE,"Rocchio, Brayan",677587,4,1,empty,empty,1,strikeout
2026-07-02,824416,CLE,"Fry, David",681807,1,2,empty,empty,1,home_run
2026-07-02,824416,CLE,"Arias, Gabriel",672356,4,2,empty,empty,1,field_out
2026-07-02,824416,CLE,"Bailey, Patrick",672275,4,0,empty,empty,1,strikeout
2026-07-02,824416,CLE,"Kwan, Steven",680757,4,1,empty,empty,1,walk
2026-07-02,824416,CLE,"Bazzana, Travis",683953,5,1,1B,1B,1,strikeout
2026-07-02,824416,CLE,"DeLauter, Chase",800050,5,2,1B,1B,1,field_out
2026-07-02,824416,CLE,"Hoskins, Rhys",656555,2,0,empty,empty,1,walk
2026-07-02,824416,CLE,"Watson, Kahlil",696135,5,0,1B,1B,1,field_out
2026-07-02,824416,CLE,"Rocchio, Brayan",677587,5,1,1B,1B,1,home_run
2026-07-03,824417,CLE,"Bazzana, Travis",683953,1,0,empty,empty,1,field_out
2026-07-03,824417,CLE,"Fry, David",681807,1,1,empty,empty,1,field_out
2026-07-03,824417,CLE,"DeLauter, Chase",800050,1,2,empty,empty,1,field_out
2026-07-03,824417,CLE,"Hoskins, Rhys",656555,1,0,empty,empty,1,field_out
2026-07-03,824417,CLE,"Manzardo, Kyle",700932,1,1,empty,empty,1,strikeout
2026-07-03,824417,CLE,"Rocchio, Brayan",677587,1,2,empty,empty,1,strikeout
2026-07-03,824417,CLE,"Arias, Gabriel",672356,1,0,empty,empty,1,walk
2026-07-03,824417,CLE,"Hedges, Austin",595978,1,0,1B,1B,1,walk
2026-07-03,824417,CLE,"Kwan, Steven",680757,1,0,1B+2B,1B+2B,1,sac_bunt
2026-07-03,824417,CLE,"Bazzana, Travis",683953,2,1,2B+3B,2B+3B,1,single
2026-07-03,824417,CLE,"Fry, David",681807,2,1,1B+3B,1B+3B,1,grounded_into_double_play
2026-07-03,824417,CLE,"DeLauter, Chase",800050,2,0,empty,empty,1,field_out
2026-07-03,824417,CLE,"Hoskins, Rhys",656555,2,1,empty,empty,1,field_out
2026-07-03,824417,CLE,"Manzardo, Kyle",700932,2,2,empty,empty,1,field_out
2026-07-03,824417,CLE,"Rocchio, Brayan",677587,2,0,empty,empty,1,single
2026-07-03,824417,CLE,"Arias, Gabriel",672356,2,0,1B,1B,1,strikeout
2026-07-03,824417,CLE,"Hedges, Austin",595978,2,1,1B,1B,1,strikeout
2026-07-03,824417,CLE,"Kwan, Steven",680757,2,2,1B,1B,1,strikeout
2026-07-03,824417,CLE,"Bazzana, Travis",683953,3,0,empty,empty,1,field_out
2026-07-03,824417,CLE,"Fry, David",681807,3,1,empty,empty,1,strikeout
2026-07-03,824417,CLE,"DeLauter, Chase",800050,3,2,empty,empty,1,strikeout
2026-07-03,824417,CLE,"Hoskins, Rhys",656555,3,0,empty,empty,1,walk
2026-07-03,824417,CLE,"Manzardo, Kyle",700932,3,0,1B,1B,1,strikeout
2026-07-03,824417,CLE,"Rocchio, Brayan",677587,3,1,1B,2B,0,walk
2026-07-03,824417,CLE,"Schneemann, Daniel",682177,1,1,1B+2B,1B+2B,1,strikeout
2026-07-03,824417,CLE,"Hedges, Austin",595978,3,2,1B+2B,1B+2B,1,single
2026-07-03,824417,CLE,"Kwan, Steven",680757,3,2,1B+2B,1B+2B,1,single
2026-07-03,824417,CLE,"Bazzana, Travis",683953,4,2,2B+3B,2B+3B,1,strikeout
2026-07-03,824417,CLE,"Watson, Kahlil",696135,1,0,empty,empty,1,strikeout
2026-07-03,824417,CLE,"DeLauter, Chase",800050,4,1,empty,empty,1,field_out
2026-07-03,824417,CLE,"Hoskins, Rhys",656555,4,2,empty,empty,1,walk
2026-07-03,824417,CLE,"Manzardo, Kyle",700932,4,2,1B,1B,1,strikeout
2026-07-03,824417,CLE,"Rocchio, Brayan",677587,4,0,empty,empty,1,field_out
2026-07-03,824417,CLE,"Schneemann, Daniel",682177,2,1,empty,empty,1,field_out
2026-07-03,824417,CLE,"Hedges, Austin",595978,4,2,empty,empty,1,strikeout
2026-07-03,824417,CLE,"Kwan, Steven",680757,4,2,1B,1B,1,field_out
2026-07-03,824417,CLE,"Bazzana, Travis",683953,5,0,2B,2B,1,single
2026-07-03,824417,CLE,"Watson, Kahlil",696135,2,0,1B+3B,1B+3B,1,single
2026-07-04,824415,CLE,"Bazzana, Travis",683953,1,0,empty,empty,1,strikeout
2026-07-04,824415,CLE,"DeLauter, Chase",800050,1,1,empty,empty,1,single
2026-07-04,824415,CLE,"Manzardo, Kyle",700932,1,1,1B,1B,1,single
2026-07-04,824415,CLE,"Watson, Kahlil",696135,1,1,1B+3B,1B+3B,1,grounded_into_double_play
2026-07-04,824415,CLE,"Rocchio, Brayan",677587,1,0,empty,empty,1,single
2026-07-04,824415,CLE,"Ingle, Cooper",694876,1,0,1B,2B,0,strikeout
2026-07-04,824415,CLE,"Schneemann, Daniel",682177,1,1,2B,2B,1,strikeout
2026-07-04,824415,CLE,"Hedges, Austin",595978,1,0,empty,empty,1,single
2026-07-04,824415,CLE,"Kwan, Steven",680757,1,0,1B,1B,1,field_out
2026-07-04,824415,CLE,"Bazzana, Travis",683953,2,1,1B,1B,1,strikeout
2026-07-04,824415,CLE,"DeLauter, Chase",800050,2,2,1B,1B,1,strikeout
2026-07-04,824415,CLE,"Manzardo, Kyle",700932,2,0,empty,empty,1,field_out
2026-07-04,824415,CLE,"Watson, Kahlil",696135,2,1,empty,empty,1,strikeout
2026-07-04,824415,CLE,"Rocchio, Brayan",677587,2,2,empty,empty,1,single
2026-07-04,824415,CLE,"Ingle, Cooper",694876,2,2,1B,1B,1,strikeout
2026-07-04,824415,CLE,"Schneemann, Daniel",682177,2,0,empty,empty,1,field_out
2026-07-04,824415,CLE,"Hedges, Austin",595978,2,1,empty,empty,1,home_run
2026-07-04,824415,CLE,"Kwan, Steven",680757,2,1,empty,empty,1,triple
2026-07-04,824415,CLE,"Bazzana, Travis",683953,3,1,3B,3B,1,fielders_choice_out
2026-07-04,824415,CLE,"DeLauter, Chase",800050,3,2,2B,2B,1,strikeout
2026-07-04,824415,CLE,"Manzardo, Kyle",700932,3,0,empty,empty,1,strikeout
2026-07-04,824415,CLE,"Watson, Kahlil",696135,3,1,empty,empty,1,strikeout
2026-07-04,824415,CLE,"Rocchio, Brayan",677587,3,1,1B,3B,0,strikeout
2026-07-04,824415,CLE,"Ingle, Cooper",694876,3,2,3B,3B,1,field_out
2026-07-04,824415,CLE,"Fry, David",681807,1,0,empty,empty,1,field_out
2026-07-04,824415,CLE,"Hedges, Austin",595978,3,1,empty,empty,1,field_out
2026-07-04,824415,CLE,"Kwan, Steven",680757,3,2,empty,empty,1,field_out
2026-07-04,824415,CLE,"Bazzana, Travis",683953,4,0,empty,empty,1,field_out
2026-07-04,824415,CLE,"DeLauter, Chase",800050,4,1,empty,empty,1,strikeout
2026-07-04,824415,CLE,"Hoskins, Rhys",656555,1,2,empty,empty,1,strikeout
2026-07-04,824415,CLE,"Watson, Kahlil",696135,4,0,empty,empty,1,strikeout
2026-07-04,824415,CLE,"Rocchio, Brayan",677587,4,1,empty,empty,1,field_out
2026-07-04,824415,CLE,"Arias, Gabriel",672356,1,2,empty,empty,1,walk
2026-07-04,824415,CLE,"Fry, David",681807,2,2,1B,2B,0,field_out
2026-07-05,824413,CLE,"Bazzana, Travis",683953,1,0,empty,empty,1,double
2026-07-05,824413,CLE,"Watson, Kahlil",696135,1,0,2B,2B,1,field_out
2026-07-05,824413,CLE,"DeLauter, Chase",800050,1,1,2B,2B,1,home_run
2026-07-05,824413,CLE,"Manzardo, Kyle",700932,1,1,empty,empty,1,walk
2026-07-05,824413,CLE,"Arias, Gabriel",672356,1,1,1B,2B,0,single
2026-07-05,824413,CLE,"Ingle, Cooper",694876,1,1,1B+2B,1B+2B,1,strikeout
2026-07-05,824413,CLE,"Schneemann, Daniel",682177,1,2,1B+2B,1B+2B,1,single
2026-07-05,824413,CLE,"Bailey, Patrick",672275,1,2,2B+3B,2B+3B,1,field_out
2026-07-05,824413,CLE,"Kwan, Steven",680757,1,0,empty,empty,1,single
2026-07-05,824413,CLE,"Bazzana, Travis",683953,2,0,1B,1B,1,double_play
2026-07-05,824413,CLE,"Watson, Kahlil",696135,2,2,empty,empty,1,single
2026-07-05,824413,CLE,"DeLauter, Chase",800050,2,2,1B,3B,0,field_out
2026-07-05,824413,CLE,"Manzardo, Kyle",700932,2,0,empty,empty,1,field_out
2026-07-05,824413,CLE,"Arias, Gabriel",672356,2,1,empty,empty,1,strikeout
2026-07-05,824413,CLE,"Ingle, Cooper",694876,2,2,empty,empty,1,single
2026-07-05,824413,CLE,"Schneemann, Daniel",682177,2,2,1B,1B,1,single
2026-07-05,824413,CLE,"Bailey, Patrick",672275,2,2,1B+2B,1B+2B,1,field_out
2026-07-05,824413,CLE,"Kwan, Steven",680757,2,0,empty,empty,1,field_out
2026-07-05,824413,CLE,"Bazzana, Travis",683953,3,1,empty,empty,1,field_out
2026-07-05,824413,CLE,"Watson, Kahlil",696135,3,2,empty,empty,1,strikeout
2026-07-05,824413,CLE,"DeLauter, Chase",800050,3,0,empty,empty,1,single
2026-07-05,824413,CLE,"Manzardo, Kyle",700932,3,0,1B,1B,1,fielders_choice
2026-07-05,824413,CLE,"Arias, Gabriel",672356,3,0,1B+2B,1B+2B,1,home_run
2026-07-05,824413,CLE,"Ingle, Cooper",694876,3,0,empty,empty,1,strikeout
2026-07-05,824413,CLE,"Schneemann, Daniel",682177,3,1,empty,empty,1,field_out
2026-07-05,824413,CLE,"Bailey, Patrick",672275,3,2,empty,empty,1,single
2026-07-05,824413,CLE,"Kwan, Steven",680757,3,0,empty,empty,1,walk
2026-07-05,824413,CLE,"Bazzana, Travis",683953,4,0,1B,1B,1,strikeout
2026-07-05,824413,CLE,"Watson, Kahlil",696135,4,1,1B,2B,0,field_out
2026-07-05,824413,CLE,"DeLauter, Chase",800050,4,2,2B,2B,1,field_out
2026-07-05,824413,CLE,"Manzardo, Kyle",700932,4,0,empty,empty,1,field_out
2026-07-05,824413,CLE,"Arias, Gabriel",672356,4,1,empty,empty,1,strikeout
2026-07-05,824413,CLE,"Ingle, Cooper",694876,4,2,empty,empty,1,strikeout
2026-07-05,824413,CLE,"Schneemann, Daniel",682177,4,0,empty,empty,1,field_out
2026-07-05,824413,CLE,"Rocchio, Brayan",677587,1,1,empty,empty,1,single
2026-07-05,824413,CLE,"Fry, David",681807,1,1,1B,1B,1,walk
2026-07-05,824413,CLE,"Bazzana, Travis",683953,5,1,1B+2B,1B+2B,1,force_out
2026-07-05,824413,CLE,"Watson, Kahlil",696135,5,2,1B+3B,1B+3B,1,field_out
2026-07-05,824413,CLE,"DeLauter, Chase",800050,5,0,empty,empty,1,field_out
2026-07-05,824413,CLE,"Hoskins, Rhys",656555,1,1,empty,empty,1,strikeout
2026-07-05,824413,CLE,"Arias, Gabriel",672356,5,2,empty,empty,1,strikeout
2026-07-07,823687,CLE,"Bazzana, Travis",683953,1,0,empty,empty,1,strikeout
2026-07-07,823687,CLE,"Watson, Kahlil",696135,1,1,empty,empty,1,strikeout
2026-07-07,823687,CLE,"DeLauter, Chase",800050,1,2,empty,empty,1,field_out
2026-07-07,823687,CLE,"Manzardo, Kyle",700932,1,0,empty,empty,1,strikeout
2026-07-07,823687,CLE,"Hoskins, Rhys",656555,1,1,empty,empty,1,home_run
2026-07-07,823687,CLE,"Rocchio, Brayan",677587,1,1,empty,empty,1,field_out
2026-07-07,823687,CLE,"Schneemann, Daniel",682177,1,2,empty,empty,1,strikeout
2026-07-07,823687,CLE,"Bailey, Patrick",672275,1,0,empty,empty,1,strikeout
2026-07-07,823687,CLE,"Kwan, Steven",680757,1,1,empty,empty,1,field_out
2026-07-07,823687,CLE,"Bazzana, Travis",683953,2,2,empty,empty,1,field_out
2026-07-07,823687,CLE,"Watson, Kahlil",696135,2,0,empty,empty,1,strikeout
2026-07-07,823687,CLE,"DeLauter, Chase",800050,2,1,empty,empty,1,single
2026-07-07,823687,CLE,"Manzardo, Kyle",700932,2,1,1B,1B,1,strikeout
2026-07-07,823687,CLE,"Hoskins, Rhys",656555,2,2,1B,1B,1,field_out
2026-07-07,823687,CLE,"Rocchio, Brayan",677587,2,0,empty,empty,1,field_out
2026-07-07,823687,CLE,"Schneemann, Daniel",682177,2,1,empty,empty,1,field_out
2026-07-07,823687,CLE,"Bailey, Patrick",672275,2,2,empty,empty,1,strikeout
2026-07-07,823687,CLE,"Kwan, Steven",680757,2,0,empty,empty,1,field_out
2026-07-07,823687,CLE,"Bazzana, Travis",683953,3,1,empty,empty,1,field_out
2026-07-07,823687,CLE,"Watson, Kahlil",696135,3,2,empty,empty,1,strikeout
2026-07-07,823687,CLE,"DeLauter, Chase",800050,3,0,empty,empty,1,double
2026-07-07,823687,CLE,"Manzardo, Kyle",700932,3,0,2B,2B,1,field_out
2026-07-07,823687,CLE,"Hoskins, Rhys",656555,3,1,3B,3B,1,strikeout
2026-07-07,823687,CLE,"Rocchio, Brayan",677587,3,2,3B,3B,1,field_out
2026-07-07,823687,CLE,"Schneemann, Daniel",682177,3,0,empty,empty,1,field_out
2026-07-07,823687,CLE,"Bailey, Patrick",672275,3,1,empty,empty,1,strikeout
2026-07-07,823687,CLE,"Kwan, Steven",680757,3,2,empty,empty,1,field_out
2026-07-07,823687,CLE,"Bazzana, Travis",683953,4,0,empty,empty,1,field_out
2026-07-07,823687,CLE,"Fry, David",681807,1,1,empty,empty,1,strikeout
2026-07-07,823687,CLE,"DeLauter, Chase",800050,4,2,empty,empty,1,walk
2026-07-07,823687,CLE,"Arias, Gabriel",672356,1,2,1B,1B,1,strikeout
2026-07-08,823684,CLE,"Fry, David",681807,1,0,empty,empty,1,strikeout
2026-07-08,823684,CLE,"DeLauter, Chase",800050,1,1,empty,empty,1,field_out
2026-07-08,823684,CLE,"Rocchio, Brayan",677587,1,2,empty,empty,1,field_out
2026-07-08,823684,CLE,"Hoskins, Rhys",656555,1,0,empty,empty,1,field_out
2026-07-08,823684,CLE,"Bazzana, Travis",683953,1,1,empty,empty,1,strikeout
2026-07-08,823684,CLE,"Arias, Gabriel",672356,1,2,empty,empty,1,strikeout
2026-07-08,823684,CLE,"Manzardo, Kyle",700932,1,0,empty,empty,1,strikeout
2026-07-08,823684,CLE,"Hedges, Austin",595978,1,1,empty,empty,1,single
2026-07-08,823684,CLE,"Watson, Kahlil",696135,1,1,1B,1B,1,strikeout
2026-07-08,823684,CLE,"Fry, David",681807,2,2,1B,1B,1,field_out
2026-07-08,823684,CLE,"DeLauter, Chase",800050,2,0,empty,empty,1,single
2026-07-08,823684,CLE,"Rocchio, Brayan",677587,2,0,1B,1B,1,home_run
2026-07-08,823684,CLE,"Hoskins, Rhys",656555,2,0,empty,empty,1,home_run
2026-07-08,823684,CLE,"Bazzana, Travis",683953,2,0,empty,empty,1,walk
2026-07-08,823684,CLE,"Arias, Gabriel",672356,2,0,1B,1B,1,field_out
2026-07-08,823684,CLE,"Manzardo, Kyle",700932,2,1,2B,2B,1,field_out
2026-07-08,823684,CLE,"Hedges, Austin",595978,2,2,3B,3B,1,field_out
2026-07-08,823684,CLE,"Watson, Kahlil",696135,2,0,empty,empty,1,field_out
2026-07-08,823684,CLE,"Fry, David",681807,3,1,empty,empty,1,strikeout
2026-07-08,823684,CLE,"DeLauter, Chase",800050,3,2,empty,empty,1,walk
2026-07-08,823684,CLE,"Rocchio, Brayan",677587,3,2,1B,1B,1,field_out
2026-07-08,823684,CLE,"Hoskins, Rhys",656555,3,0,empty,empty,1,walk
2026-07-08,823684,CLE,"Bazzana, Travis",683953,3,0,1B,1B,1,strikeout
2026-07-08,823684,CLE,"Schneemann, Daniel",682177,1,1,1B,1B,1,field_out
2026-07-08,823684,CLE,"Manzardo, Kyle",700932,3,2,1B,1B,1,field_out
2026-07-08,823684,CLE,"Hedges, Austin",595978,3,0,empty,empty,1,strikeout
2026-07-08,823684,CLE,"Watson, Kahlil",696135,3,1,empty,empty,1,walk
2026-07-08,823684,CLE,"Kwan, Steven",680757,1,1,1B,2B,0,walk
2026-07-08,823684,CLE,"DeLauter, Chase",800050,4,1,1B+2B,1B+2B,1,single
2026-07-08,823684,CLE,"Rocchio, Brayan",677587,4,1,1B+3B,1B+3B,1,sac_bunt
2026-07-08,823684,CLE,"Hoskins, Rhys",656555,4,1,1B+2B,1B+2B,1,strikeout
2026-07-08,823684,CLE,"Bazzana, Travis",683953,4,2,1B+2B,1B+2B,1,single
2026-07-08,823684,CLE,"Schneemann, Daniel",682177,2,2,1B+2B+3B,1B+2B+3B,1,strikeout
2026-07-08,823684,CLE,"Manzardo, Kyle",700932,4,0,empty,empty,1,strikeout
2026-07-08,823684,CLE,"Hedges, Austin",595978,4,1,empty,empty,1,single
2026-07-08,823684,CLE,"Watson, Kahlil",696135,4,1,1B,1B,1,strikeout
2026-07-08,823684,CLE,"Kwan, Steven",680757,2,2,1B,1B,1,single
2026-07-08,823684,CLE,"DeLauter, Chase",800050,5,2,1B+2B,1B+2B,1,strikeout
2026-07-08,823684,CLE,"Rocchio, Brayan",677587,5,0,empty,empty,1,field_out
2026-07-08,823684,CLE,"Hoskins, Rhys",656555,5,1,empty,empty,1,field_out
2026-07-08,823684,CLE,"Bazzana, Travis",683953,5,2,empty,empty,1,walk
2026-07-08,823684,CLE,"Schneemann, Daniel",682177,3,2,1B,1B,1,field_out
2026-07-09,823683,CLE,"Bazzana, Travis",683953,1,0,empty,empty,1,field_out
2026-07-09,823683,CLE,"Rocchio, Brayan",677587,1,1,empty,empty,1,strikeout
2026-07-09,823683,CLE,"DeLauter, Chase",800050,1,2,empty,empty,1,field_out
2026-07-09,823683,CLE,"Manzardo, Kyle",700932,1,0,empty,empty,1,field_out
2026-07-09,823683,CLE,"Watson, Kahlil",696135,1,1,empty,empty,1,strikeout
2026-07-09,823683,CLE,"Arias, Gabriel",672356,1,2,empty,empty,1,home_run
2026-07-09,823683,CLE,"Schneemann, Daniel",682177,1,2,empty,empty,1,field_out
2026-07-09,823683,CLE,"Bailey, Patrick",672275,1,0,empty,empty,1,field_out
2026-07-09,823683,CLE,"Kwan, Steven",680757,1,1,empty,empty,1,field_out
2026-07-09,823683,CLE,"Bazzana, Travis",683953,2,2,empty,empty,1,double
2026-07-09,823683,CLE,"Rocchio, Brayan",677587,2,2,2B,2B,1,strikeout
2026-07-09,823683,CLE,"DeLauter, Chase",800050,2,0,empty,empty,1,field_out
2026-07-09,823683,CLE,"Manzardo, Kyle",700932,2,1,empty,empty,1,strikeout
2026-07-09,823683,CLE,"Watson, Kahlil",696135,2,2,empty,empty,1,field_out
2026-07-09,823683,CLE,"Arias, Gabriel",672356,2,0,empty,empty,1,strikeout
2026-07-09,823683,CLE,"Schneemann, Daniel",682177,2,1,empty,empty,1,double
2026-07-09,823683,CLE,"Bailey, Patrick",672275,2,1,2B,2B,1,field_out
2026-07-09,823683,CLE,"Kwan, Steven",680757,2,2,2B,2B,1,walk
2026-07-09,823683,CLE,"Bazzana, Travis",683953,3,2,1B+2B,1B+2B,1,field_out
2026-07-09,823683,CLE,"Rocchio, Brayan",677587,3,0,empty,empty,1,strikeout
2026-07-09,823683,CLE,"DeLauter, Chase",800050,3,1,empty,empty,1,home_run
2026-07-09,823683,CLE,"Manzardo, Kyle",700932,3,1,empty,empty,1,walk
2026-07-09,823683,CLE,"Fry, David",681807,1,1,1B,1B,1,strikeout
2026-07-09,823683,CLE,"Arias, Gabriel",672356,3,2,1B,1B,1,strikeout
2026-07-09,823683,CLE,"Schneemann, Daniel",682177,3,0,empty,empty,1,field_out
2026-07-09,823683,CLE,"Bailey, Patrick",672275,3,1,empty,empty,1,walk
2026-07-09,823683,CLE,"Kwan, Steven",680757,3,1,1B,1B,1,walk
2026-07-09,823683,CLE,"Bazzana, Travis",683953,4,1,1B+2B,1B+2B,1,field_out
2026-07-09,823683,CLE,"Rocchio, Brayan",677587,4,2,1B+2B,1B+2B,1,double
2026-07-09,823683,CLE,"DeLauter, Chase",800050,4,2,2B,2B,1,field_out
2026-07-09,823683,CLE,"Manzardo, Kyle",700932,4,0,empty,empty,1,field_out
2026-07-09,823683,CLE,"Halpin, Petey",690984,1,1,empty,empty,1,field_out
2026-07-09,823683,CLE,"Arias, Gabriel",672356,4,2,empty,empty,1,field_out
2026-07-09,823683,CLE,"Schneemann, Daniel",682177,4,0,empty,empty,1,field_out
2026-07-09,823683,CLE,"Bailey, Patrick",672275,4,1,empty,empty,1,home_run
2026-07-09,823683,CLE,"Kwan, Steven",680757,4,1,empty,empty,1,strikeout
2026-07-09,823683,CLE,"Bazzana, Travis",683953,5,2,empty,empty,1,field_out
2026-07-10,823845,CLE,"Bazzana, Travis",683953,1,0,empty,empty,1,field_out
2026-07-10,823845,CLE,"Rocchio, Brayan",677587,1,1,empty,empty,1,field_out
2026-07-10,823845,CLE,"DeLauter, Chase",800050,1,2,empty,empty,1,single
2026-07-10,823845,CLE,"Manzardo, Kyle",700932,1,2,1B,1B,1,field_out
2026-07-10,823845,CLE,"Hoskins, Rhys",656555,1,0,empty,empty,1,strikeout
2026-07-10,823845,CLE,"Watson, Kahlil",696135,1,1,empty,empty,1,strikeout
2026-07-10,823845,CLE,"Schneemann, Daniel",682177,1,2,empty,empty,1,field_out
2026-07-10,823845,CLE,"Hedges, Austin",595978,1,0,empty,empty,1,strikeout
2026-07-10,823845,CLE,"Kwan, Steven",680757,1,1,empty,empty,1,field_out
2026-07-10,823845,CLE,"Bazzana, Travis",683953,2,2,empty,empty,1,strikeout
2026-07-10,823845,CLE,"Rocchio, Brayan",677587,2,0,empty,empty,1,single
2026-07-10,823845,CLE,"DeLauter, Chase",800050,2,0,1B,1B,1,home_run
2026-07-10,823845,CLE,"Manzardo, Kyle",700932,2,0,empty,empty,1,field_out
2026-07-10,823845,CLE,"Hoskins, Rhys",656555,2,1,empty,empty,1,strikeout
2026-07-10,823845,CLE,"Watson, Kahlil",696135,2,2,empty,empty,1,field_out
2026-07-10,823845,CLE,"Schneemann, Daniel",682177,2,0,empty,empty,1,strikeout
2026-07-10,823845,CLE,"Hedges, Austin",595978,2,1,empty,empty,1,single
2026-07-10,823845,CLE,"Kwan, Steven",680757,2,1,1B,1B,1,single
2026-07-10,823845,CLE,"Bazzana, Travis",683953,3,1,1B+3B,1B+3B,1,sac_fly
2026-07-10,823845,CLE,"Rocchio, Brayan",677587,3,2,2B,2B,1,field_out
2026-07-10,823845,CLE,"DeLauter, Chase",800050,3,0,empty,empty,1,strikeout
2026-07-10,823845,CLE,"Manzardo, Kyle",700932,3,1,empty,empty,1,field_out
2026-07-10,823845,CLE,"Hoskins, Rhys",656555,3,2,empty,empty,1,field_out
2026-07-10,823845,CLE,"Watson, Kahlil",696135,3,0,empty,empty,1,field_out
2026-07-10,823845,CLE,"Schneemann, Daniel",682177,3,1,empty,empty,1,strikeout
2026-07-10,823845,CLE,"Hedges, Austin",595978,3,2,empty,empty,1,field_out
2026-07-10,823845,CLE,"Kwan, Steven",680757,3,0,empty,empty,1,field_out
2026-07-10,823845,CLE,"Bazzana, Travis",683953,4,1,empty,empty,1,strikeout
2026-07-10,823845,CLE,"Rocchio, Brayan",677587,4,2,empty,empty,1,field_out
2026-07-10,823845,CLE,"DeLauter, Chase",800050,4,0,empty,empty,1,field_out
2026-07-10,823845,CLE,"Manzardo, Kyle",700932,4,1,empty,empty,1,field_out
2026-07-10,823845,CLE,"Hoskins, Rhys",656555,4,2,empty,empty,1,field_out
2026-07-11,823844,CLE,"Bazzana, Travis",683953,1,0,empty,empty,1,single
2026-07-11,823844,CLE,"Rocchio, Brayan",677587,1,0,1B,1B,1,single
2026-07-11,823844,CLE,"DeLauter, Chase",800050,1,0,1B+2B,1B+2B,1,walk
2026-07-11,823844,CLE,"Manzardo, Kyle",700932,1,0,1B+2B+3B,1B+2B+3B,1,strikeout
2026-07-11,823844,CLE,"Watson, Kahlil",696135,1,1,1B+2B+3B,1B+2B+3B,1,grounded_into_double_play
2026-07-11,823844,CLE,"Arias, Gabriel",672356,1,0,empty,empty,1,single
2026-07-11,823844,CLE,"Halpin, Petey",690984,1,0,1B,1B,1,strikeout
2026-07-11,823844,CLE,"Bailey, Patrick",672275,1,1,1B,2B,0,strikeout
2026-07-11,823844,CLE,"Kwan, Steven",680757,1,2,2B,2B,1,field_out
2026-07-11,823844,CLE,"Bazzana, Travis",683953,2,0,empty,empty,1,field_out
2026-07-11,823844,CLE,"Rocchio, Brayan",677587,2,1,empty,empty,1,field_out
2026-07-11,823844,CLE,"DeLauter, Chase",800050,2,2,empty,empty,1,walk
2026-07-11,823844,CLE,"Manzardo, Kyle",700932,2,2,1B,1B,1,field_out
2026-07-11,823844,CLE,"Watson, Kahlil",696135,2,0,empty,empty,1,field_out
2026-07-11,823844,CLE,"Arias, Gabriel",672356,2,1,empty,empty,1,single
2026-07-11,823844,CLE,"Halpin, Petey",690984,2,1,1B,1B,1,single
2026-07-11,823844,CLE,"Bailey, Patrick",672275,2,1,1B+2B,2B+3B,0,strikeout
2026-07-11,823844,CLE,"Kwan, Steven",680757,2,2,2B+3B,2B+3B,1,double
2026-07-11,823844,CLE,"Bazzana, Travis",683953,3,2,2B,2B,1,field_out
2026-07-11,823844,CLE,"Rocchio, Brayan",677587,3,0,empty,empty,1,field_out
2026-07-11,823844,CLE,"DeLauter, Chase",800050,3,1,empty,empty,1,field_out
2026-07-11,823844,CLE,"Manzardo, Kyle",700932,3,2,empty,empty,1,single
2026-07-11,823844,CLE,"Watson, Kahlil",696135,3,2,1B,1B,1,strikeout
2026-07-11,823844,CLE,"Arias, Gabriel",672356,3,0,empty,empty,1,single
2026-07-11,823844,CLE,"Halpin, Petey",690984,3,0,1B,1B,1,strikeout
2026-07-11,823844,CLE,"Bailey, Patrick",672275,3,1,1B,1B,1,grounded_into_double_play
2026-07-11,823844,CLE,"Kwan, Steven",680757,3,0,empty,empty,1,field_error
2026-07-11,823844,CLE,"Bazzana, Travis",683953,4,0,1B,1B,1,strikeout
2026-07-11,823844,CLE,"Rocchio, Brayan",677587,4,1,1B,1B,1,field_out
2026-07-11,823844,CLE,"DeLauter, Chase",800050,4,2,1B,2B,0,strikeout
2026-07-11,823844,CLE,"Manzardo, Kyle",700932,4,0,empty,empty,1,hit_by_pitch
2026-07-11,823844,CLE,"Watson, Kahlil",696135,4,0,1B,1B,1,double
2026-07-11,823844,CLE,"Arias, Gabriel",672356,4,0,2B+3B,2B+3B,1,strikeout
2026-07-11,823844,CLE,"Halpin, Petey",690984,4,1,2B+3B,2B+3B,1,strikeout
2026-07-11,823844,CLE,"Bailey, Patrick",672275,4,2,2B+3B,2B+3B,1,double
2026-07-11,823844,CLE,"Kwan, Steven",680757,4,2,2B,2B,1,field_out
2026-07-11,823844,CLE,"Bazzana, Travis",683953,5,0,empty,empty,1,strikeout
2026-07-11,823844,CLE,"Rocchio, Brayan",677587,5,1,empty,empty,1,single
2026-07-11,823844,CLE,"DeLauter, Chase",800050,5,1,1B,1B,1,grounded_into_double_play
2026-07-12,823842,CLE,"Bazzana, Travis",683953,1,0,empty,empty,1,walk
2026-07-12,823842,CLE,"Rocchio, Brayan",677587,1,0,1B,2B,0,single
2026-07-12,823842,CLE,"DeLauter, Chase",800050,1,0,2B,2B,1,field_out
2026-07-12,823842,CLE,"Manzardo, Kyle",700932,1,1,2B,2B,1,single
2026-07-12,823842,CLE,"Watson, Kahlil",696135,1,1,1B,1B,1,strikeout
2026-07-12,823842,CLE,"Arias, Gabriel",672356,1,2,1B,1B,1,force_out
2026-07-12,823842,CLE,"Halpin, Petey",690984,1,0,empty,empty,1,strikeout
2026-07-12,823842,CLE,"Bailey, Patrick",672275,1,1,empty,empty,1,single
2026-07-12,823842,CLE,"Kwan, Steven",680757,1,1,1B,1B,1,single
2026-07-12,823842,CLE,"Bazzana, Travis",683953,2,1,1B+2B,1B+2B,1,grounded_into_double_play
2026-07-12,823842,CLE,"Rocchio, Brayan",677587,2,0,empty,empty,1,field_out
2026-07-12,823842,CLE,"DeLauter, Chase",800050,2,1,empty,empty,1,field_out
2026-07-12,823842,CLE,"Manzardo, Kyle",700932,2,2,empty,empty,1,walk
2026-07-12,823842,CLE,"Watson, Kahlil",696135,2,2,1B,1B,1,force_out
2026-07-12,823842,CLE,"Arias, Gabriel",672356,2,0,empty,empty,1,single
2026-07-12,823842,CLE,"Halpin, Petey",690984,2,0,1B,1B,1,field_out
2026-07-12,823842,CLE,"Bailey, Patrick",672275,2,1,1B,1B,1,field_out
2026-07-12,823842,CLE,"Kwan, Steven",680757,2,2,1B,1B,1,single
2026-07-12,823842,CLE,"Bazzana, Travis",683953,3,2,1B+3B,2B+3B,0,field_out
2026-07-12,823842,CLE,"Rocchio, Brayan",677587,3,0,empty,empty,1,home_run
2026-07-12,823842,CLE,"DeLauter, Chase",800050,3,0,empty,empty,1,field_out
2026-07-12,823842,CLE,"Manzardo, Kyle",700932,3,1,empty,empty,1,field_out
2026-07-12,823842,CLE,"Watson, Kahlil",696135,3,2,empty,empty,1,single
2026-07-12,823842,CLE,"Arias, Gabriel",672356,3,2,1B,2B,0,strikeout
2026-07-12,823842,CLE,"Halpin, Petey",690984,3,0,empty,empty,1,walk
2026-07-12,823842,CLE,"Bailey, Patrick",672275,3,0,1B,1B,1,sac_bunt
2026-07-12,823842,CLE,"Kwan, Steven",680757,3,1,2B,3B,0,double_play
2026-07-12,823842,CLE,"Bazzana, Travis",683953,4,0,empty,empty,1,hit_by_pitch
2026-07-12,823842,CLE,"Rocchio, Brayan",677587,4,0,1B,1B,1,field_out
2026-07-12,823842,CLE,"DeLauter, Chase",800050,4,1,1B,1B,1,field_out
2026-07-12,823842,CLE,"Manzardo, Kyle",700932,4,2,1B,1B,1,field_error
2026-07-12,823842,CLE,"Watson, Kahlil",696135,4,2,1B+3B,1B+3B,1,single
2026-07-12,823842,CLE,"Arias, Gabriel",672356,4,2,1B+2B,1B+2B,1,strikeout
2026-07-12,823842,CLE,"Halpin, Petey",690984,4,0,empty,empty,1,single
2026-07-12,823842,CLE,"Bailey, Patrick",672275,4,0,1B,1B,1,field_out
2026-07-12,823842,CLE,"Kwan, Steven",680757,4,1,1B,2B,0,strikeout
2026-07-12,823842,CLE,"Bazzana, Travis",683953,5,2,2B,2B,1,strikeout
2026-07-12,823842,CLE,"Rocchio, Brayan",677587,5,0,empty,empty,1,field_out
2026-07-12,823842,CLE,"DeLauter, Chase",800050,5,1,empty,empty,1,home_run
2026-07-12,823842,CLE,"Manzardo, Kyle",700932,5,1,empty,empty,1,field_out
2026-07-12,823842,CLE,"Watson, Kahlil",696135,5,2,empty,empty,1,field_out
2026-07-18,824412,CLE,"Bazzana, Travis",683953,1,0,empty,empty,1,walk
2026-07-18,824412,CLE,"Rocchio, Brayan",677587,1,0,1B,1B,1,field_out
2026-07-18,824412,CLE,"DeLauter, Chase",800050,1,1,1B,1B,1,field_out
2026-07-18,824412,CLE,"Hoskins, Rhys",656555,1,2,2B,2B,1,strikeout
2026-07-18,824412,CLE,"Schneemann, Daniel",682177,1,0,empty,empty,1,strikeout
2026-07-18,824412,CLE,"Fry, David",681807,1,1,empty,empty,1,walk
2026-07-18,824412,CLE,"Halpin, Petey",690984,1,1,1B,1B,1,grounded_into_double_play
2026-07-18,824412,CLE,"Hedges, Austin",595978,1,0,empty,empty,1,field_out
2026-07-18,824412,CLE,"Kwan, Steven",680757,1,1,empty,empty,1,single
2026-07-18,824412,CLE,"Bazzana, Travis",683953,2,1,1B,1B,1,single
2026-07-18,824412,CLE,"Rocchio, Brayan",677587,2,1,1B+2B,1B+2B,1,field_out
2026-07-18,824412,CLE,"DeLauter, Chase",800050,2,2,2B+3B,2B+3B,1,field_out
2026-07-18,824412,CLE,"Hoskins, Rhys",656555,2,0,empty,empty,1,strikeout
2026-07-18,824412,CLE,"Schneemann, Daniel",682177,2,1,empty,empty,1,strikeout
2026-07-18,824412,CLE,"Fry, David",681807,2,2,empty,empty,1,strikeout
2026-07-18,824412,CLE,"Halpin, Petey",690984,2,0,empty,empty,1,field_out
2026-07-18,824412,CLE,"Hedges, Austin",595978,2,1,empty,empty,1,field_out
2026-07-18,824412,CLE,"Kwan, Steven",680757,2,2,empty,empty,1,field_out
2026-07-18,824412,CLE,"Bazzana, Travis",683953,3,0,empty,empty,1,walk
2026-07-18,824412,CLE,"Rocchio, Brayan",677587,3,0,1B,1B,1,grounded_into_double_play
2026-07-18,824412,CLE,"DeLauter, Chase",800050,3,2,empty,empty,1,field_out
2026-07-18,824412,CLE,"Watson, Kahlil",696135,1,0,empty,empty,1,field_out
2026-07-18,824412,CLE,"Schneemann, Daniel",682177,3,1,empty,empty,1,single
2026-07-18,824412,CLE,"Manzardo, Kyle",700932,1,1,1B,1B,1,strikeout
2026-07-18,824412,CLE,"Halpin, Petey",690984,3,2,1B,1B,1,double
2026-07-18,824412,CLE,"Bailey, Patrick",672275,1,2,2B+3B,2B+3B,1,strikeout
2026-07-18,824412,CLE,"Kwan, Steven",680757,3,0,empty,empty,1,single
2026-07-18,824412,CLE,"Bazzana, Travis",683953,4,0,1B,1B,1,strikeout
2026-07-18,824412,CLE,"Rocchio, Brayan",677587,4,1,1B,1B,1,single
2026-07-18,824412,CLE,"DeLauter, Chase",800050,4,1,1B+2B,1B+2B,1,single
2026-07-18,824412,CLE,"Watson, Kahlil",696135,2,1,1B+3B,3B,0,single
2026-07-18,824412,CLE,"Schneemann, Daniel",682177,4,1,1B,2B,0,walk
2026-07-18,824412,CLE,"Manzardo, Kyle",700932,2,1,1B+2B,1B+2B,1,strikeout
2026-07-18,824412,CLE,"Arias, Gabriel",672356,1,2,1B+2B,2B+3B,0,strikeout
2026-07-18,824412,CLE,"Bailey, Patrick",672275,2,0,empty,empty,1,single
2026-07-18,824412,CLE,"Kwan, Steven",680757,4,0,1B,1B,1,double
2026-07-18,824412,CLE,"Bazzana, Travis",683953,5,1,2B,2B,1,home_run
2026-07-18,824414,CLE,"Bazzana, Travis",683953,1,0,empty,empty,1,strikeout
2026-07-18,824414,CLE,"Rocchio, Brayan",677587,1,1,empty,empty,1,strikeout
2026-07-18,824414,CLE,"DeLauter, Chase",800050,1,2,empty,empty,1,strikeout
2026-07-18,824414,CLE,"Manzardo, Kyle",700932,1,0,empty,empty,1,strikeout
2026-07-18,824414,CLE,"Hoskins, Rhys",656555,1,1,empty,empty,1,field_out
2026-07-18,824414,CLE,"Watson, Kahlil",696135,1,2,empty,empty,1,strikeout
2026-07-18,824414,CLE,"Arias, Gabriel",672356,1,0,empty,empty,1,field_out
2026-07-18,824414,CLE,"Bailey, Patrick",672275,1,1,empty,empty,1,field_out
2026-07-18,824414,CLE,"Kwan, Steven",680757,1,2,empty,empty,1,single
2026-07-18,824414,CLE,"Bazzana, Travis",683953,2,2,1B,1B,1,triple
2026-07-18,824414,CLE,"Rocchio, Brayan",677587,2,2,3B,3B,1,field_out
2026-07-18,824414,CLE,"DeLauter, Chase",800050,2,0,empty,empty,1,single
2026-07-18,824414,CLE,"Manzardo, Kyle",700932,2,0,1B,1B,1,strikeout
2026-07-18,824414,CLE,"Hoskins, Rhys",656555,2,1,1B,1B,1,strikeout
2026-07-18,824414,CLE,"Watson, Kahlil",696135,2,2,1B,1B,1,field_out
2026-07-18,824414,CLE,"Arias, Gabriel",672356,2,0,empty,empty,1,strikeout
2026-07-18,824414,CLE,"Bailey, Patrick",672275,2,1,empty,empty,1,field_out
2026-07-18,824414,CLE,"Kwan, Steven",680757,2,2,empty,empty,1,walk
2026-07-18,824414,CLE,"Bazzana, Travis",683953,3,2,1B,1B,1,strikeout
2026-07-18,824414,CLE,"Rocchio, Brayan",677587,3,0,empty,empty,1,field_out
2026-07-18,824414,CLE,"DeLauter, Chase",800050,3,1,empty,empty,1,field_out
2026-07-18,824414,CLE,"Manzardo, Kyle",700932,3,2,empty,empty,1,field_out
2026-07-18,824414,CLE,"Hoskins, Rhys",656555,3,0,empty,empty,1,single
2026-07-18,824414,CLE,"Watson, Kahlil",696135,3,0,1B,1B,1,strikeout
2026-07-18,824414,CLE,"Arias, Gabriel",672356,3,1,1B,1B,1,strikeout
2026-07-18,824414,CLE,"Bailey, Patrick",672275,3,2,2B,2B,1,field_out
2026-07-18,824414,CLE,"Kwan, Steven",680757,3,0,empty,empty,1,single
2026-07-18,824414,CLE,"Bazzana, Travis",683953,4,0,1B,1B,1,field_out
2026-07-18,824414,CLE,"Rocchio, Brayan",677587,4,1,1B,1B,1,field_out
2026-07-18,824414,CLE,"DeLauter, Chase",800050,4,2,1B,1B,1,field_out
2026-07-18,824414,CLE,"Manzardo, Kyle",700932,4,0,empty,empty,1,strikeout
2026-07-18,824414,CLE,"Hoskins, Rhys",656555,4,1,empty,empty,1,field_out
2026-07-18,824414,CLE,"Watson, Kahlil",696135,4,2,empty,empty,1,single
2026-07-18,824414,CLE,"Arias, Gabriel",672356,4,2,1B,1B,1,strikeout
2026-07-19,824411,CLE,"Kwan, Steven",680757,1,0,empty,empty,1,field_out
2026-07-19,824411,CLE,"Bazzana, Travis",683953,1,1,empty,empty,1,strikeout
2026-07-19,824411,CLE,"DeLauter, Chase",800050,1,2,empty,empty,1,strikeout
2026-07-19,824411,CLE,"Rocchio, Brayan",677587,1,0,empty,empty,1,field_out
2026-07-19,824411,CLE,"Manzardo, Kyle",700932,1,1,empty,empty,1,field_out
2026-07-19,824411,CLE,"Watson, Kahlil",696135,1,2,empty,empty,1,strikeout
2026-07-19,824411,CLE,"Arias, Gabriel",672356,1,0,empty,empty,1,single
2026-07-19,824411,CLE,"Bailey, Patrick",672275,1,0,1B,1B,1,strikeout
2026-07-19,824411,CLE,"Halpin, Petey",690984,1,1,1B,1B,1,single
2026-07-19,824411,CLE,"Kwan, Steven",680757,2,1,1B+3B,1B+3B,1,single
2026-07-19,824411,CLE,"Bazzana, Travis",683953,2,1,1B+3B,1B+3B,1,strikeout_double_play
2026-07-19,824411,CLE,"DeLauter, Chase",800050,2,0,empty,empty,1,walk
2026-07-19,824411,CLE,"Rocchio, Brayan",677587,2,0,1B,1B,1,single
2026-07-19,824411,CLE,"Manzardo, Kyle",700932,2,0,1B+3B,1B+3B,1,double_play
2026-07-19,824411,CLE,"Watson, Kahlil",696135,2,2,2B,2B,1,strikeout
2026-07-19,824411,CLE,"Arias, Gabriel",672356,2,0,empty,empty,1,walk
2026-07-19,824411,CLE,"Bailey, Patrick",672275,2,0,1B,1B,1,field_out
2026-07-19,824411,CLE,"Halpin, Petey",690984,2,1,1B,1B,1,field_out
2026-07-19,824411,CLE,"Kwan, Steven",680757,3,0,empty,empty,1,single
2026-07-19,824411,CLE,"Bazzana, Travis",683953,3,1,empty,empty,1,field_out
2026-07-19,824411,CLE,"DeLauter, Chase",800050,3,2,empty,empty,1,double
2026-07-19,824411,CLE,"Rocchio, Brayan",677587,3,2,2B,2B,1,strikeout
2026-07-19,824411,CLE,"Manzardo, Kyle",700932,3,0,empty,empty,1,field_out
2026-07-19,824411,CLE,"Watson, Kahlil",696135,3,1,empty,empty,1,double
2026-07-19,824411,CLE,"Arias, Gabriel",672356,3,1,2B,empty,0,strikeout
2026-07-19,824411,CLE,"Bailey, Patrick",672275,3,0,empty,empty,1,strikeout
2026-07-19,824411,CLE,"Halpin, Petey",690984,3,1,empty,empty,1,strikeout
2026-07-19,824411,CLE,"Kwan, Steven",680757,4,2,empty,empty,1,field_out
2026-07-19,824411,CLE,"Bazzana, Travis",683953,4,0,empty,empty,1,strikeout
2026-07-19,824411,CLE,"DeLauter, Chase",800050,4,1,empty,empty,1,field_out
2026-07-19,824411,CLE,"Rocchio, Brayan",677587,4,2,empty,empty,1,field_out
2026-07-20,824410,CLE,"Kwan, Steven",680757,1,0,empty,empty,1,field_out
2026-07-20,824410,CLE,"Bazzana, Travis",683953,1,1,empty,empty,1,single
2026-07-20,824410,CLE,"DeLauter, Chase",800050,1,1,1B,1B,1,field_out
2026-07-20,824410,CLE,"Rocchio, Brayan",677587,1,2,2B,2B,1,home_run
2026-07-20,824410,CLE,"Hoskins, Rhys",656555,1,2,empty,empty,1,home_run
2026-07-20,824410,CLE,"Schneemann, Daniel",682177,1,2,empty,empty,1,strikeout
2026-07-20,824410,CLE,"Fry, David",681807,1,0,empty,empty,1,field_out
2026-07-20,824410,CLE,"Bailey, Patrick",672275,1,1,empty,empty,1,single
2026-07-20,824410,CLE,"Halpin, Petey",690984,1,1,1B,1B,1,home_run
2026-07-20,824410,CLE,"Kwan, Steven",680757,2,1,empty,empty,1,field_out
2026-07-20,824410,CLE,"Bazzana, Travis",683953,2,2,empty,empty,1,home_run
2026-07-20,824410,CLE,"DeLauter, Chase",800050,2,2,empty,empty,1,single
2026-07-20,824410,CLE,"Rocchio, Brayan",677587,2,2,1B,1B,1,field_out
2026-07-20,824410,CLE,"Hoskins, Rhys",656555,2,0,empty,empty,1,home_run
2026-07-20,824410,CLE,"Schneemann, Daniel",682177,2,0,empty,empty,1,field_out
2026-07-20,824410,CLE,"Fry, David",681807,2,1,empty,empty,1,strikeout
2026-07-20,824410,CLE,"Bailey, Patrick",672275,2,2,empty,empty,1,field_out
2026-07-20,824410,CLE,"Halpin, Petey",690984,2,0,empty,empty,1,home_run
2026-07-20,824410,CLE,"Kwan, Steven",680757,3,0,empty,empty,1,field_out
2026-07-20,824410,CLE,"Bazzana, Travis",683953,3,1,empty,empty,1,field_out
2026-07-20,824410,CLE,"DeLauter, Chase",800050,3,2,empty,empty,1,double
2026-07-20,824410,CLE,"Rocchio, Brayan",677587,3,2,2B,2B,1,strikeout
2026-07-20,824410,CLE,"Hoskins, Rhys",656555,3,0,empty,empty,1,field_out
2026-07-20,824410,CLE,"Schneemann, Daniel",682177,3,1,empty,empty,1,single
2026-07-20,824410,CLE,"Fry, David",681807,3,1,1B,1B,1,field_out
2026-07-20,824410,CLE,"Bailey, Patrick",672275,3,2,1B,2B,0,single
2026-07-20,824410,CLE,"Halpin, Petey",690984,3,2,1B,1B,1,field_out
2026-07-20,824410,CLE,"Kwan, Steven",680757,4,0,empty,empty,1,walk
2026-07-20,824410,CLE,"Bazzana, Travis",683953,4,0,1B,1B,1,single
2026-07-20,824410,CLE,"DeLauter, Chase",800050,4,0,1B+3B,1B+3B,1,single
2026-07-20,824410,CLE,"Rocchio, Brayan",677587,4,0,1B+2B,1B+2B,1,strikeout
2026-07-20,824410,CLE,"Hoskins, Rhys",656555,4,1,1B+2B,1B+2B,1,strikeout
2026-07-20,824410,CLE,"Schneemann, Daniel",682177,4,2,1B+2B,1B+2B,1,walk
2026-07-20,824410,CLE,"Fry, David",681807,4,2,1B+2B+3B,1B+2B+3B,1,force_out
2026-07-20,824410,CLE,"Bailey, Patrick",672275,4,0,empty,empty,1,home_run
2026-07-20,824410,CLE,"Halpin, Petey",690984,4,0,empty,empty,1,double
2026-07-20,824410,CLE,"Manzardo, Kyle",700932,1,0,2B,2B,1,double
2026-07-20,824410,CLE,"Bazzana, Travis",683953,5,0,2B+3B,2B+3B,1,strikeout
2026-07-20,824410,CLE,"DeLauter, Chase",800050,5,1,2B+3B,2B+3B,1,double
2026-07-20,824410,CLE,"Rocchio, Brayan",677587,5,1,2B,2B,1,strikeout
2026-07-20,824410,CLE,"Hoskins, Rhys",656555,5,2,2B,2B,1,field_out
2026-07-20,824410,CLE,"Schneemann, Daniel",682177,5,0,empty,empty,1,field_out
2026-07-20,824410,CLE,"Fry, David",681807,5,1,empty,empty,1,field_out
2026-07-20,824410,CLE,"Bailey, Patrick",672275,5,2,empty,empty,1,single
2026-07-20,824410,CLE,"Halpin, Petey",690984,5,2,1B,1B,1,field_out
2026-07-21,824409,CLE,"Kwan, Steven",680757,1,0,empty,empty,1,field_out
2026-07-21,824409,CLE,"Rocchio, Brayan",677587,1,1,empty,empty,1,field_out
2026-07-21,824409,CLE,"DeLauter, Chase",800050,1,2,empty,empty,1,strikeout
2026-07-21,824409,CLE,"Hoskins, Rhys",656555,1,0,empty,empty,1,field_out
2026-07-21,824409,CLE,"Fry, David",681807,1,1,empty,empty,1,field_out
2026-07-21,824409,CLE,"Bazzana, Travis",683953,1,2,empty,empty,1,walk
2026-07-21,824409,CLE,"Arias, Gabriel",672356,1,2,1B,1B,1,strikeout
2026-07-21,824409,CLE,"Hedges, Austin",595978,1,0,empty,empty,1,walk
2026-07-21,824409,CLE,"Halpin, Petey",690984,1,0,1B,1B,1,sac_bunt
2026-07-21,824409,CLE,"Kwan, Steven",680757,2,1,2B,2B,1,double
2026-07-21,824409,CLE,"Rocchio, Brayan",677587,2,1,2B,2B,1,single
2026-07-21,824409,CLE,"DeLauter, Chase",800050,2,1,1B,1B,1,single
2026-07-21,824409,CLE,"Hoskins, Rhys",656555,2,1,1B+2B,1B+2B,1,grounded_into_double_play
2026-07-21,824409,CLE,"Fry, David",681807,2,0,empty,empty,1,field_out
2026-07-21,824409,CLE,"Bazzana, Travis",683953,2,1,empty,empty,1,field_out
2026-07-21,824409,CLE,"Arias, Gabriel",672356,2,2,empty,empty,1,single
2026-07-21,824409,CLE,"Hedges, Austin",595978,2,2,1B,1B,1,field_out
2026-07-21,824409,CLE,"Halpin, Petey",690984,2,0,empty,empty,1,field_out
2026-07-21,824409,CLE,"Kwan, Steven",680757,3,1,empty,empty,1,walk
2026-07-21,824409,CLE,"Rocchio, Brayan",677587,3,1,1B,1B,1,single
2026-07-21,824409,CLE,"DeLauter, Chase",800050,3,1,1B+3B,1B+3B,1,field_out
2026-07-21,824409,CLE,"Manzardo, Kyle",700932,1,2,1B+3B,1B+3B,1,field_out
2026-07-21,824409,CLE,"Watson, Kahlil",696135,1,0,empty,empty,1,double
2026-07-21,824409,CLE,"Bazzana, Travis",683953,3,0,2B,2B,1,hit_by_pitch
2026-07-21,824409,CLE,"Arias, Gabriel",672356,3,0,1B+2B,1B+2B,1,single
2026-07-21,824409,CLE,"Hedges, Austin",595978,3,0,1B+2B+3B,1B+2B+3B,1,sac_fly
2026-07-21,824409,CLE,"Halpin, Petey",690984,3,1,1B+2B,2B+3B,0,sac_fly
2026-07-21,824409,CLE,"Kwan, Steven",680757,4,2,3B,3B,1,walk
2026-07-21,824409,CLE,"Rocchio, Brayan",677587,4,2,1B+3B,1B+3B,1,force_out
2026-07-21,824409,CLE,"DeLauter, Chase",800050,4,0,empty,empty,1,single
2026-07-21,824409,CLE,"Manzardo, Kyle",700932,2,0,1B,1B,1,force_out
2026-07-21,824409,CLE,"Watson, Kahlil",696135,2,1,1B,1B,1,field_out
2026-07-21,824409,CLE,"Bazzana, Travis",683953,4,2,2B,2B,1,single
2026-07-21,824409,CLE,"Arias, Gabriel",672356,4,2,1B,1B,1,strikeout
2026-07-21,824409,CLE,"Hedges, Austin",595978,4,0,empty,empty,1,field_out
2026-07-21,824409,CLE,"Halpin, Petey",690984,4,1,empty,empty,1,field_out
2026-07-21,824409,CLE,"Kwan, Steven",680757,5,2,empty,empty,1,field_out
2026-07-22,824408,CLE,"Kwan, Steven",680757,1,0,empty,empty,1,field_out
2026-07-22,824408,CLE,"Ramírez, José",608070,1,1,empty,empty,1,single
2026-07-22,824408,CLE,"DeLauter, Chase",800050,1,1,1B,1B,1,field_out
2026-07-22,824408,CLE,"Rocchio, Brayan",677587,1,2,2B,2B,1,single
2026-07-22,824408,CLE,"Bazzana, Travis",683953,1,2,1B,1B,1,field_out
2026-07-22,824408,CLE,"Manzardo, Kyle",700932,1,0,empty,empty,1,double
2026-07-22,824408,CLE,"Schneemann, Daniel",682177,1,0,2B,2B,1,field_out
2026-07-22,824408,CLE,"Bailey, Patrick",672275,1,1,3B,3B,1,single
2026-07-22,824408,CLE,"Halpin, Petey",690984,1,1,1B,1B,1,field_out
2026-07-22,824408,CLE,"Kwan, Steven",680757,2,2,1B,1B,1,single
2026-07-22,824408,CLE,"Ramírez, José",608070,2,2,1B+3B,1B+3B,1,single
2026-07-22,824408,CLE,"DeLauter, Chase",800050,2,2,1B+2B,1B+2B,1,field_out
2026-07-22,824408,CLE,"Rocchio, Brayan",677587,2,0,empty,empty,1,field_out
2026-07-22,824408,CLE,"Bazzana, Travis",683953,2,1,empty,empty,1,walk
2026-07-22,824408,CLE,"Manzardo, Kyle",700932,2,1,1B,1B,1,strikeout
2026-07-22,824408,CLE,"Schneemann, Daniel",682177,2,2,1B,2B,0,strikeout
2026-07-22,824408,CLE,"Bailey, Patrick",672275,2,0,empty,empty,1,field_out
2026-07-22,824408,CLE,"Halpin, Petey",690984,2,1,empty,empty,1,single
2026-07-22,824408,CLE,"Kwan, Steven",680757,3,1,1B,2B,0,single
2026-07-22,824408,CLE,"Ramírez, José",608070,3,1,1B+3B,1B+3B,1,force_out
2026-07-22,824408,CLE,"DeLauter, Chase",800050,3,2,1B,1B,1,field_out
2026-07-22,824408,CLE,"Rocchio, Brayan",677587,3,0,empty,empty,1,field_out
2026-07-22,824408,CLE,"Bazzana, Travis",683953,3,1,empty,empty,1,walk
2026-07-22,824408,CLE,"Manzardo, Kyle",700932,3,1,1B,1B,1,strikeout
2026-07-22,824408,CLE,"Schneemann, Daniel",682177,3,2,1B,1B,1,field_out
2026-07-22,824408,CLE,"Bailey, Patrick",672275,3,0,empty,empty,1,field_out
2026-07-22,824408,CLE,"Halpin, Petey",690984,3,1,empty,empty,1,field_out
2026-07-22,824408,CLE,"Kwan, Steven",680757,4,2,empty,empty,1,field_out
2026-07-22,824408,CLE,"Ramírez, José",608070,4,0,empty,empty,1,field_out
2026-07-22,824408,CLE,"DeLauter, Chase",800050,4,1,empty,empty,1,field_out
2026-07-22,824408,CLE,"Rocchio, Brayan",677587,4,2,empty,empty,1,double
2026-07-22,824408,CLE,"Bazzana, Travis",683953,4,2,2B,2B,1,field_out
2026-07-22,824408,CLE,"Manzardo, Kyle",700932,4,0,empty,empty,1,home_run
2026-07-22,824408,CLE,"Schneemann, Daniel",682177,4,0,empty,empty,1,strikeout
2026-07-22,824408,CLE,"Bailey, Patrick",672275,4,1,empty,empty,1,walk
2026-07-22,824408,CLE,"Halpin, Petey",690984,4,1,1B,1B,1,field_out
2026-07-22,824408,CLE,"Kwan, Steven",680757,5,2,1B,1B,1,single
2026-07-22,824408,CLE,"Ramírez, José",608070,5,2,1B+2B,1B+2B,1,field_out
2026-07-22,824408,CLE,"DeLauter, Chase",800050,5,0,empty,empty,1,single
2026-07-22,824408,CLE,"Rocchio, Brayan",677587,5,0,1B,1B,1,force_out
2026-07-22,824408,CLE,"Bazzana, Travis",683953,5,1,1B,1B,1,strikeout
2026-07-22,824408,CLE,"Manzardo, Kyle",700932,5,2,1B,2B,0,single
2026-07-22,824408,CLE,"Schneemann, Daniel",682177,5,2,1B,1B,1,field_out
2026-07-23,824406,CLE,"Kwan, Steven",680757,1,0,empty,empty,1,walk
2026-07-23,824406,CLE,"Ramírez, José",608070,1,0,1B,2B,0,field_out
2026-07-23,824406,CLE,"DeLauter, Chase",800050,1,1,2B,2B,1,field_out
2026-07-23,824406,CLE,"Rocchio, Brayan",677587,1,2,3B,3B,1,strikeout
2026-07-23,824406,CLE,"Bazzana, Travis",683953,1,0,empty,empty,1,field_out
2026-07-23,824406,CLE,"Hoskins, Rhys",656555,1,1,empty,empty,1,field_out
2026-07-23,824406,CLE,"Manzardo, Kyle",700932,1,2,empty,empty,1,field_out
2026-07-23,824406,CLE,"Bailey, Patrick",672275,1,0,empty,empty,1,field_out
2026-07-23,824406,CLE,"Halpin, Petey",690984,1,1,empty,empty,1,field_out
2026-07-23,824406,CLE,"Kwan, Steven",680757,2,2,empty,empty,1,single
2026-07-23,824406,CLE,"Ramírez, José",608070,2,2,1B,1B,1,field_out
2026-07-23,824406,CLE,"DeLauter, Chase",800050,2,0,empty,empty,1,walk
2026-07-23,824406,CLE,"Rocchio, Brayan",677587,2,0,1B,2B,0,strikeout
2026-07-23,824406,CLE,"Bazzana, Travis",683953,2,1,2B,3B,0,field_out
2026-07-23,824406,CLE,"Hoskins, Rhys",656555,2,2,3B,3B,1,strikeout
2026-07-23,824406,CLE,"Manzardo, Kyle",700932,2,0,empty,empty,1,field_out
2026-07-23,824406,CLE,"Bailey, Patrick",672275,2,1,empty,empty,1,home_run
2026-07-23,824406,CLE,"Halpin, Petey",690984,2,1,empty,empty,1,field_out
2026-07-23,824406,CLE,"Kwan, Steven",680757,3,2,empty,empty,1,strikeout
2026-07-23,824406,CLE,"Ramírez, José",608070,3,0,empty,empty,1,walk
2026-07-23,824406,CLE,"DeLauter, Chase",800050,3,0,1B,1B,1,grounded_into_double_play
2026-07-23,824406,CLE,"Rocchio, Brayan",677587,3,2,empty,empty,1,field_out
2026-07-23,824406,CLE,"Bazzana, Travis",683953,3,0,empty,empty,1,field_out
2026-07-23,824406,CLE,"Hoskins, Rhys",656555,3,1,empty,empty,1,field_out
2026-07-23,824406,CLE,"Manzardo, Kyle",700932,3,2,empty,empty,1,strikeout
2026-07-23,824406,CLE,"Bailey, Patrick",672275,3,0,empty,empty,1,field_out
2026-07-23,824406,CLE,"Halpin, Petey",690984,3,1,empty,empty,1,field_out
2026-07-23,824406,CLE,"Kwan, Steven",680757,4,2,empty,empty,1,single
2026-07-23,824406,CLE,"Ramírez, José",608070,4,2,1B,2B,0,field_out
2026-07-23,824406,CLE,"DeLauter, Chase",800050,4,0,empty,empty,1,strikeout
2026-07-23,824406,CLE,"Rocchio, Brayan",677587,4,1,empty,empty,1,field_out
2026-07-23,824406,CLE,"Bazzana, Travis",683953,4,2,empty,empty,1,walk
2026-07-23,824406,CLE,"Hoskins, Rhys",656555,4,2,1B,1B,1,walk
2026-07-23,824406,CLE,"Manzardo, Kyle",700932,4,2,1B+2B,1B+2B,1,strikeout
2026-07-23,824406,CLE,"Bailey, Patrick",672275,4,0,2B,2B,1,strikeout
2026-07-23,824406,CLE,"Halpin, Petey",690984,4,1,2B,2B,1,field_out
2026-07-23,824406,CLE,"Kwan, Steven",680757,5,2,3B,3B,1,field_out
2026-07-23,824406,CLE,"Ramírez, José",608070,5,0,2B,2B,1,intent_walk
2026-07-23,824406,CLE,"DeLauter, Chase",800050,5,0,1B+2B,1B+2B,1,strikeout
2026-07-23,824406,CLE,"Rocchio, Brayan",677587,5,1,1B+2B,1B+2B,1,field_out
2026-07-23,824406,CLE,"Bazzana, Travis",683953,5,2,1B+2B,1B+2B,1,force_out
2026-07-23,824406,CLE,"Hoskins, Rhys",656555,5,0,2B,2B,1,strikeout
2026-07-23,824406,CLE,"Arias, Gabriel",672356,1,1,2B,2B,1,field_out
2026-07-23,824406,CLE,"Bailey, Patrick",672275,5,2,3B,3B,1,walk
2026-07-23,824406,CLE,"Schneemann, Daniel",682177,1,2,1B+3B,1B+3B,1,field_out
2026-07-24,822952,CLE,"Martínez, Angel",682657,1,0,empty,empty,1,field_out
2026-07-24,822952,CLE,"DeLauter, Chase",800050,1,1,empty,empty,1,walk
2026-07-24,822952,CLE,"Hoskins, Rhys",656555,1,1,1B,1B,1,strikeout
2026-07-24,822952,CLE,"Rocchio, Brayan",677587,1,2,1B,1B,1,field_out
2026-07-24,822952,CLE,"Fry, David",681807,1,0,empty,empty,1,field_out
2026-07-24,822952,CLE,"Bazzana, Travis",683953,1,1,empty,empty,1,field_out
2026-07-24,822952,CLE,"Arias, Gabriel",672356,1,2,empty,empty,1,strikeout
2026-07-24,822952,CLE,"Hedges, Austin",595978,1,0,empty,empty,1,field_out
2026-07-24,822952,CLE,"Halpin, Petey",690984,1,1,empty,empty,1,field_out
2026-07-24,822952,CLE,"Martínez, Angel",682657,2,2,empty,empty,1,field_out
2026-07-24,822952,CLE,"DeLauter, Chase",800050,2,0,empty,empty,1,double
2026-07-24,822952,CLE,"Hoskins, Rhys",656555,2,0,2B,2B,1,field_out
2026-07-24,822952,CLE,"Rocchio, Brayan",677587,2,1,2B,2B,1,double
2026-07-24,822952,CLE,"Fry, David",681807,2,1,2B,2B,1,field_out
2026-07-24,822952,CLE,"Bazzana, Travis",683953,2,2,2B,2B,1,field_out
2026-07-24,822952,CLE,"Arias, Gabriel",672356,2,0,empty,empty,1,strikeout
2026-07-24,822952,CLE,"Hedges, Austin",595978,2,1,empty,empty,1,walk
2026-07-24,822952,CLE,"Halpin, Petey",690984,2,1,1B,1B,1,field_out
2026-07-24,822952,CLE,"Martínez, Angel",682657,3,2,1B,1B,1,force_out
2026-07-24,822952,CLE,"DeLauter, Chase",800050,3,0,empty,empty,1,field_out
2026-07-24,822952,CLE,"Hoskins, Rhys",656555,3,1,empty,empty,1,strikeout
2026-07-24,822952,CLE,"Rocchio, Brayan",677587,3,2,empty,empty,1,single
2026-07-24,822952,CLE,"Fry, David",681807,3,2,1B,1B,1,strikeout
2026-07-24,822952,CLE,"Bazzana, Travis",683953,3,0,empty,empty,1,field_out
2026-07-24,822952,CLE,"Arias, Gabriel",672356,3,1,empty,empty,1,single
2026-07-24,822952,CLE,"Hedges, Austin",595978,3,1,1B,1B,1,single
2026-07-24,822952,CLE,"Halpin, Petey",690984,3,1,1B+2B,1B+2B,1,strikeout
2026-07-24,822952,CLE,"Martínez, Angel",682657,4,2,1B+2B,1B+2B,1,field_out
2026-07-24,822952,CLE,"DeLauter, Chase",800050,4,0,empty,empty,1,field_out
2026-07-24,822952,CLE,"Hoskins, Rhys",656555,4,1,empty,empty,1,strikeout
2026-07-24,822952,CLE,"Rocchio, Brayan",677587,4,2,empty,empty,1,field_out
2026-07-24,822952,CLE,"Fry, David",681807,4,0,empty,empty,1,field_out
2026-07-24,822952,CLE,"Bazzana, Travis",683953,4,1,empty,empty,1,field_out
2026-07-24,822952,CLE,"Arias, Gabriel",672356,4,2,empty,empty,1,single
2026-07-24,822952,CLE,"Hedges, Austin",595978,4,2,1B,1B,1,home_run
2026-07-24,822952,CLE,"Halpin, Petey",690984,4,2,empty,empty,1,field_out
2026-07-25,822948,CLE,"Kwan, Steven",680757,1,0,empty,empty,1,single
2026-07-25,822948,CLE,"Ramírez, José",608070,1,0,1B,1B,1,field_out
2026-07-25,822948,CLE,"Bazzana, Travis",683953,1,1,1B,1B,1,grounded_into_double_play
2026-07-25,822948,CLE,"Rocchio, Brayan",677587,1,0,empty,empty,1,strikeout
2026-07-25,822948,CLE,"Martínez, Angel",682657,1,1,empty,empty,1,strikeout
2026-07-25,822948,CLE,"Manzardo, Kyle",700932,1,2,empty,empty,1,field_out
2026-07-25,822948,CLE,"Arias, Gabriel",672356,1,0,empty,empty,1,single
2026-07-25,822948,CLE,"Bailey, Patrick",672275,1,0,1B,1B,1,field_out
2026-07-25,822948,CLE,"Halpin, Petey",690984,1,1,1B,1B,1,field_out
2026-07-25,822948,CLE,"Kwan, Steven",680757,2,2,1B,1B,1,field_out
2026-07-25,822948,CLE,"Ramírez, José",608070,2,0,empty,empty,1,field_out
2026-07-25,822948,CLE,"Bazzana, Travis",683953,2,1,empty,empty,1,single
2026-07-25,822948,CLE,"Rocchio, Brayan",677587,2,1,1B,1B,1,field_out
2026-07-25,822948,CLE,"Martínez, Angel",682657,2,2,1B,1B,1,field_out
2026-07-25,822948,CLE,"Manzardo, Kyle",700932,2,0,empty,empty,1,field_out
2026-07-25,822948,CLE,"Arias, Gabriel",672356,2,1,empty,empty,1,strikeout
2026-07-25,822948,CLE,"Bailey, Patrick",672275,2,2,empty,empty,1,strikeout
2026-07-25,822948,CLE,"Halpin, Petey",690984,2,0,empty,empty,1,field_out
2026-07-25,822948,CLE,"Kwan, Steven",680757,3,1,empty,empty,1,strikeout
2026-07-25,822948,CLE,"Ramírez, José",608070,3,2,empty,empty,1,single
2026-07-25,822948,CLE,"Bazzana, Travis",683953,3,2,1B,1B,1,field_out
2026-07-25,822948,CLE,"Rocchio, Brayan",677587,3,0,empty,empty,1,field_out
2026-07-25,822948,CLE,"Martínez, Angel",682657,3,1,empty,empty,1,field_out
2026-07-25,822948,CLE,"Manzardo, Kyle",700932,3,2,empty,empty,1,strikeout
2026-07-25,822948,CLE,"Arias, Gabriel",672356,3,0,empty,empty,1,strikeout
2026-07-25,822948,CLE,"Hedges, Austin",595978,1,1,empty,empty,1,strikeout
2026-07-25,822948,CLE,"Fry, David",681807,1,2,empty,empty,1,walk
2026-07-25,822948,CLE,"Kwan, Steven",680757,4,2,1B,1B,1,field_out
2026-07-25,822948,CLE,"Ramírez, José",608070,4,0,empty,empty,1,field_out
2026-07-25,822948,CLE,"Bazzana, Travis",683953,4,1,empty,empty,1,single
2026-07-25,822948,CLE,"Rocchio, Brayan",677587,4,1,1B,1B,1,field_out
2026-07-25,822948,CLE,"Martínez, Angel",682657,4,2,1B,2B,0,field_out
2026-07-26,822950,CLE,"Kwan, Steven",680757,1,0,empty,empty,1,double
2026-07-26,822950,CLE,"Ramírez, José",608070,1,0,2B,2B,1,field_out
2026-07-26,822950,CLE,"DeLauter, Chase",800050,1,1,2B,2B,1,strikeout
2026-07-26,822950,CLE,"Rocchio, Brayan",677587,1,2,2B,2B,1,strikeout
2026-07-26,822950,CLE,"Bazzana, Travis",683953,1,0,empty,empty,1,field_out
2026-07-26,822950,CLE,"Martínez, Angel",682657,1,1,empty,empty,1,strikeout
2026-07-26,822950,CLE,"Manzardo, Kyle",700932,1,2,empty,empty,1,strikeout
2026-07-26,822950,CLE,"Hedges, Austin",595978,1,0,empty,empty,1,field_out
2026-07-26,822950,CLE,"Halpin, Petey",690984,1,1,empty,empty,1,hit_by_pitch
2026-07-26,822950,CLE,"Kwan, Steven",680757,2,1,1B,2B,0,field_out
2026-07-26,822950,CLE,"Ramírez, José",608070,2,2,2B,2B,1,strikeout
2026-07-26,822950,CLE,"DeLauter, Chase",800050,2,0,empty,empty,1,walk
2026-07-26,822950,CLE,"Rocchio, Brayan",677587,2,0,1B,1B,1,field_out
2026-07-26,822950,CLE,"Bazzana, Travis",683953,2,1,2B,2B,1,field_out
2026-07-26,822950,CLE,"Martínez, Angel",682657,2,2,2B,2B,1,field_out
2026-07-26,822950,CLE,"Manzardo, Kyle",700932,2,0,empty,empty,1,strikeout
2026-07-26,822950,CLE,"Hedges, Austin",595978,2,1,empty,empty,1,strikeout
2026-07-26,822950,CLE,"Halpin, Petey",690984,2,2,empty,empty,1,field_out
2026-07-26,822950,CLE,"Kwan, Steven",680757,3,0,empty,empty,1,field_out
2026-07-26,822950,CLE,"Ramírez, José",608070,3,1,empty,empty,1,field_out
2026-07-26,822950,CLE,"DeLauter, Chase",800050,3,2,empty,empty,1,strikeout
2026-07-26,822950,CLE,"Rocchio, Brayan",677587,3,0,empty,empty,1,field_out
2026-07-26,822950,CLE,"Bazzana, Travis",683953,3,1,empty,empty,1,strikeout
2026-07-26,822950,CLE,"Martínez, Angel",682657,3,2,empty,empty,1,field_out
2026-07-26,822950,CLE,"Fry, David",681807,1,0,empty,empty,1,strikeout
2026-07-26,822950,CLE,"Hedges, Austin",595978,3,1,empty,empty,1,field_out
2026-07-26,822950,CLE,"Hoskins, Rhys",656555,1,2,empty,empty,1,field_out
2026-07-26,822950,CLE,"Kwan, Steven",680757,4,0,empty,empty,1,field_out
2026-07-26,822950,CLE,"Ramírez, José",608070,4,1,empty,empty,1,field_out
2026-07-26,822950,CLE,"DeLauter, Chase",800050,4,2,empty,empty,1,walk
2026-07-26,822950,CLE,"Rocchio, Brayan",677587,4,2,1B,1B,1,strikeout
2026-07-28,824489,CLE,"Kwan, Steven",680757,1,0,empty,empty,1,field_out
2026-07-28,824489,CLE,"Ramírez, José",608070,1,1,empty,empty,1,field_out
2026-07-28,824489,CLE,"DeLauter, Chase",800050,1,2,empty,empty,1,field_out
2026-07-28,824489,CLE,"Hoskins, Rhys",656555,1,0,empty,empty,1,walk
2026-07-28,824489,CLE,"Rocchio, Brayan",677587,1,0,1B,1B,1,field_out
2026-07-28,824489,CLE,"Bazzana, Travis",683953,1,1,1B,1B,1,single
2026-07-28,824489,CLE,"Arias, Gabriel",672356,1,1,1B+3B,1B+3B,1,strikeout
2026-07-28,824489,CLE,"Hedges, Austin",595978,1,2,1B+3B,1B+3B,1,field_out
2026-07-28,824489,CLE,"Halpin, Petey",690984,1,0,empty,empty,1,hit_by_pitch
2026-07-28,824489,CLE,"Kwan, Steven",680757,2,0,1B,1B,1,walk
2026-07-28,824489,CLE,"Ramírez, José",608070,2,0,1B+2B,1B+2B,1,field_out
2026-07-28,824489,CLE,"DeLauter, Chase",800050,2,1,1B+2B,1B+2B,1,field_out
2026-07-28,824489,CLE,"Hoskins, Rhys",656555,2,2,1B+2B,1B+2B,1,field_out
2026-07-28,824489,CLE,"Rocchio, Brayan",677587,2,0,empty,empty,1,walk
2026-07-28,824489,CLE,"Bazzana, Travis",683953,2,0,1B,1B,1,strikeout
2026-07-28,824489,CLE,"Arias, Gabriel",672356,2,1,1B,1B,1,force_out
2026-07-28,824489,CLE,"Hedges, Austin",595978,2,2,1B,1B,1,single
2026-07-28,824489,CLE,"Halpin, Petey",690984,2,2,1B+2B,1B+2B,1,field_out
2026-07-28,824489,CLE,"Kwan, Steven",680757,3,0,empty,empty,1,strikeout
2026-07-28,824489,CLE,"Ramírez, José",608070,3,1,empty,empty,1,field_out
2026-07-28,824489,CLE,"DeLauter, Chase",800050,3,2,empty,empty,1,field_out
2026-07-28,824489,CLE,"Manzardo, Kyle",700932,1,0,empty,empty,1,field_out
2026-07-28,824489,CLE,"Rocchio, Brayan",677587,3,1,empty,empty,1,field_out
2026-07-28,824489,CLE,"Bazzana, Travis",683953,3,2,empty,empty,1,field_out
2026-07-28,824489,CLE,"Arias, Gabriel",672356,3,0,empty,empty,1,field_out
2026-07-28,824489,CLE,"Hedges, Austin",595978,3,1,empty,empty,1,field_out
2026-07-28,824489,CLE,"Halpin, Petey",690984,3,2,empty,empty,1,walk
2026-07-28,824489,CLE,"Kwan, Steven",680757,4,2,1B,1B,1,field_out
2026-07-28,824489,CLE,"Ramírez, José",608070,4,0,empty,empty,1,strikeout
2026-07-28,824489,CLE,"DeLauter, Chase",800050,4,1,empty,empty,1,strikeout
2026-07-28,824489,CLE,"Manzardo, Kyle",700932,2,2,empty,empty,1,hit_by_pitch
2026-07-28,824489,CLE,"Rocchio, Brayan",677587,4,2,1B,1B,1,field_out
2026-07-28,824489,CLE,"Bazzana, Travis",683953,4,0,empty,empty,1,strikeout
2026-07-28,824489,CLE,"Arias, Gabriel",672356,4,1,empty,empty,1,single
2026-07-28,824489,CLE,"Bailey, Patrick",672275,1,1,1B,1B,1,strikeout
2026-07-28,824489,CLE,"Halpin, Petey",690984,4,2,1B,2B,0,field_out
2026-07-28,824490,CLE,"Kwan, Steven",680757,1,0,empty,empty,1,field_out
2026-07-28,824490,CLE,"Ramírez, José",608070,1,1,empty,empty,1,single
2026-07-28,824490,CLE,"DeLauter, Chase",800050,1,1,1B,1B,1,field_error
2026-07-28,824490,CLE,"Bazzana, Travis",683953,1,1,1B+2B,1B+2B,1,walk
2026-07-28,824490,CLE,"Rocchio, Brayan",677587,1,1,1B+2B+3B,1B+2B+3B,1,field_out
2026-07-28,824490,CLE,"Manzardo, Kyle",700932,1,2,1B+2B+3B,1B+2B+3B,1,home_run
2026-07-28,824490,CLE,"Martínez, Angel",682657,1,2,empty,empty,1,strikeout
2026-07-28,824490,CLE,"Bailey, Patrick",672275,1,0,empty,empty,1,field_out
2026-07-28,824490,CLE,"Halpin, Petey",690984,1,1,empty,empty,1,single
2026-07-28,824490,CLE,"Kwan, Steven",680757,2,1,1B,2B,0,single
2026-07-28,824490,CLE,"Ramírez, José",608070,2,1,1B+3B,1B+3B,1,field_out
2026-07-28,824490,CLE,"DeLauter, Chase",800050,2,2,1B+3B,2B+3B,0,field_out
2026-07-28,824490,CLE,"Bazzana, Travis",683953,2,0,empty,empty,1,walk
2026-07-28,824490,CLE,"Rocchio, Brayan",677587,2,0,1B,empty,0,field_out
2026-07-28,824490,CLE,"Manzardo, Kyle",700932,2,2,empty,empty,1,strikeout
2026-07-28,824490,CLE,"Martínez, Angel",682657,2,0,empty,empty,1,strikeout
2026-07-28,824490,CLE,"Bailey, Patrick",672275,2,1,empty,empty,1,field_out
2026-07-28,824490,CLE,"Halpin, Petey",690984,2,2,empty,empty,1,field_out
2026-07-28,824490,CLE,"Kwan, Steven",680757,3,0,empty,empty,1,strikeout
2026-07-28,824490,CLE,"Ramírez, José",608070,3,1,empty,empty,1,single
2026-07-28,824490,CLE,"DeLauter, Chase",800050,3,1,1B,3B,0,sac_fly
2026-07-28,824490,CLE,"Bazzana, Travis",683953,3,2,empty,empty,1,field_out
2026-07-28,824490,CLE,"Rocchio, Brayan",677587,3,0,empty,empty,1,single
2026-07-28,824490,CLE,"Manzardo, Kyle",700932,3,0,1B,1B,1,grounded_into_double_play
2026-07-28,824490,CLE,"Martínez, Angel",682657,3,2,empty,empty,1,field_out
2026-07-28,824490,CLE,"Bailey, Patrick",672275,3,0,empty,empty,1,field_out
2026-07-28,824490,CLE,"Halpin, Petey",690984,3,1,empty,empty,1,field_out
2026-07-28,824490,CLE,"Kwan, Steven",680757,4,2,empty,empty,1,strikeout
2026-07-28,824490,CLE,"Ramírez, José",608070,4,0,empty,empty,1,field_out
2026-07-28,824490,CLE,"DeLauter, Chase",800050,4,1,empty,empty,1,single
2026-07-28,824490,CLE,"Bazzana, Travis",683953,4,1,1B,1B,1,single
2026-07-28,824490,CLE,"Rocchio, Brayan",677587,4,1,1B+3B,1B+3B,1,sac_bunt
2026-07-28,824490,CLE,"Manzardo, Kyle",700932,4,2,2B,2B,1,walk
2026-07-28,824490,CLE,"Martínez, Angel",682657,4,2,1B+2B,1B+2B,1,field_out
2026-07-28,824490,CLE,"Bailey, Patrick",672275,4,0,empty,empty,1,field_out
2026-07-28,824490,CLE,"Halpin, Petey",690984,4,1,empty,empty,1,single
2026-07-28,824490,CLE,"Kwan, Steven",680757,5,1,1B,1B,1,field_out
2026-07-28,824490,CLE,"Ramírez, José",608070,5,2,1B,1B,1,field_out
2026-07-29,824487,CLE,"Kwan, Steven",680757,1,0,empty,empty,1,field_out
2026-07-29,824487,CLE,"Ramírez, José",608070,1,1,empty,empty,1,field_out
2026-07-29,824487,CLE,"DeLauter, Chase",800050,1,2,empty,empty,1,single
2026-07-29,824487,CLE,"Bazzana, Travis",683953,1,2,1B,1B,1,field_out
2026-07-29,824487,CLE,"Rocchio, Brayan",677587,1,0,empty,empty,1,field_out
2026-07-29,824487,CLE,"Manzardo, Kyle",700932,1,1,empty,empty,1,strikeout
2026-07-29,824487,CLE,"Arias, Gabriel",672356,1,2,empty,empty,1,single
2026-07-29,824487,CLE,"Bailey, Patrick",672275,1,2,1B,1B,1,walk
2026-07-29,824487,CLE,"Halpin, Petey",690984,1,2,1B+2B,1B+2B,1,field_out
2026-07-29,824487,CLE,"Kwan, Steven",680757,2,0,empty,empty,1,single
2026-07-29,824487,CLE,"Ramírez, José",608070,2,0,1B,1B,1,single
2026-07-29,824487,CLE,"DeLauter, Chase",800050,2,0,1B+2B,1B+2B,1,strikeout
2026-07-29,824487,CLE,"Bazzana, Travis",683953,2,1,1B+2B,1B+2B,1,single
2026-07-29,824487,CLE,"Rocchio, Brayan",677587,2,1,1B+2B+3B,1B+2B+3B,1,field_out
2026-07-29,824487,CLE,"Manzardo, Kyle",700932,2,2,1B+2B+3B,1B+2B+3B,1,field_out
2026-07-29,824487,CLE,"Arias, Gabriel",672356,2,0,empty,empty,1,field_out
2026-07-29,824487,CLE,"Bailey, Patrick",672275,2,1,empty,empty,1,field_out
2026-07-29,824487,CLE,"Halpin, Petey",690984,2,2,empty,empty,1,field_out
2026-07-29,824487,CLE,"Kwan, Steven",680757,3,0,empty,empty,1,single
2026-07-29,824487,CLE,"Ramírez, José",608070,3,0,1B,1B,1,fielders_choice
2026-07-29,824487,CLE,"DeLauter, Chase",800050,3,0,1B+2B,1B+2B,1,walk
2026-07-29,824487,CLE,"Bazzana, Travis",683953,3,0,1B+2B+3B,1B+2B+3B,1,single
2026-07-29,824487,CLE,"Rocchio, Brayan",677587,3,0,1B+2B+3B,1B+2B+3B,1,strikeout
2026-07-29,824487,CLE,"Manzardo, Kyle",700932,3,1,1B+2B+3B,1B+2B+3B,1,walk
2026-07-29,824487,CLE,"Arias, Gabriel",672356,3,1,1B+2B+3B,1B+2B+3B,1,walk
2026-07-29,824487,CLE,"Bailey, Patrick",672275,3,1,1B+2B+3B,1B+2B+3B,1,sac_fly
2026-07-29,824487,CLE,"Halpin, Petey",690984,3,2,1B+2B,1B+2B,1,field_out
2026-07-29,824487,CLE,"Kwan, Steven",680757,4,0,empty,empty,1,field_out
2026-07-29,824487,CLE,"Ramírez, José",608070,4,1,empty,empty,1,single
2026-07-29,824487,CLE,"DeLauter, Chase",800050,4,1,3B,3B,1,walk
2026-07-29,824487,CLE,"Bazzana, Travis",683953,4,1,1B+3B,1B+3B,1,strikeout
2026-07-29,824487,CLE,"Rocchio, Brayan",677587,4,2,1B+3B,2B+3B,0,field_out
2026-07-29,824487,CLE,"Manzardo, Kyle",700932,4,0,empty,empty,1,home_run
2026-07-29,824487,CLE,"Arias, Gabriel",672356,4,0,empty,empty,1,double
2026-07-29,824487,CLE,"Bailey, Patrick",672275,4,0,2B,2B,1,field_out
2026-07-29,824487,CLE,"Halpin, Petey",690984,4,1,2B,2B,1,single
2026-07-29,824487,CLE,"Kwan, Steven",680757,5,1,1B+3B,2B+3B,0,sac_fly
2026-07-29,824487,CLE,"Ramírez, José",608070,5,2,2B,2B,1,field_out
2026-07-29,824487,CLE,"DeLauter, Chase",800050,5,0,empty,empty,1,field_out
2026-07-29,824487,CLE,"Bazzana, Travis",683953,5,1,empty,empty,1,strikeout
2026-07-29,824487,CLE,"Rocchio, Brayan",677587,5,2,empty,empty,1,double
2026-07-29,824487,CLE,"Manzardo, Kyle",700932,5,2,2B,2B,1,walk
2026-07-29,824487,CLE,"Arias, Gabriel",672356,5,2,1B+2B,1B+2B,1,field_out
2026-07-29,824487,CLE,"Bailey, Patrick",672275,5,0,empty,empty,1,strikeout
2026-07-29,824487,CLE,"Halpin, Petey",690984,5,1,empty,empty,1,field_out
2026-07-29,824487,CLE,"Kwan, Steven",680757,6,2,empty,empty,1,single
2026-07-29,824487,CLE,"Ramírez, José",608070,6,2,1B,1B,1,field_out
2026-07-31,824407,CLE,"Martínez, Angel",682657,1,0,empty,empty,1,field_out
2026-07-31,824407,CLE,"Ramírez, José",608070,1,1,empty,empty,1,walk
2026-07-31,824407,CLE,"DeLauter, Chase",800050,1,1,1B,2B,0,field_out
2026-07-31,824407,CLE,"Hoskins, Rhys",656555,1,2,2B,2B,1,single
2026-07-31,824407,CLE,"Rocchio, Brayan",677587,1,2,1B,1B,1,force_out
2026-07-31,824407,CLE,"Fry, David",681807,1,0,empty,empty,1,field_out
2026-07-31,824407,CLE,"Bazzana, Travis",683953,1,1,empty,empty,1,strikeout
2026-07-31,824407,CLE,"Hedges, Austin",595978,1,2,empty,empty,1,field_out
2026-07-31,824407,CLE,"Kwan, Steven",680757,1,0,empty,empty,1,single
2026-07-31,824407,CLE,"Martínez, Angel",682657,2,0,1B,1B,1,sac_bunt
2026-07-31,824407,CLE,"Ramírez, José",608070,2,1,2B,2B,1,field_out
2026-07-31,824407,CLE,"DeLauter, Chase",800050,2,2,3B,3B,1,strikeout
2026-07-31,824407,CLE,"Hoskins, Rhys",656555,2,0,empty,empty,1,walk
2026-07-31,824407,CLE,"Rocchio, Brayan",677587,2,0,1B,1B,1,grounded_into_double_play
2026-07-31,824407,CLE,"Fry, David",681807,2,2,empty,empty,1,walk
2026-07-31,824407,CLE,"Bazzana, Travis",683953,2,2,1B,1B,1,field_out
2026-07-31,824407,CLE,"Hedges, Austin",595978,2,0,empty,empty,1,field_out
2026-07-31,824407,CLE,"Kwan, Steven",680757,2,1,empty,empty,1,double
2026-07-31,824407,CLE,"Martínez, Angel",682657,3,1,2B,2B,1,field_out
2026-07-31,824407,CLE,"Ramírez, José",608070,3,2,3B,3B,1,intent_walk
2026-07-31,824407,CLE,"DeLauter, Chase",800050,3,2,1B+3B,1B+3B,1,field_out
2026-07-31,824407,CLE,"Manzardo, Kyle",700932,1,0,empty,empty,1,strikeout
2026-07-31,824407,CLE,"Rocchio, Brayan",677587,3,1,empty,empty,1,field_out
2026-07-31,824407,CLE,"Halpin, Petey",690984,1,2,empty,empty,1,field_out
2026-07-31,824407,CLE,"Bazzana, Travis",683953,3,0,empty,empty,1,field_out
2026-07-31,824407,CLE,"Hedges, Austin",595978,3,1,empty,empty,1,strikeout
2026-07-31,824407,CLE,"Kwan, Steven",680757,3,2,empty,empty,1,walk
2026-07-31,824407,CLE,"Martínez, Angel",682657,4,2,1B,1B,1,field_out
2026-07-31,824407,CLE,"Ramírez, José",608070,4,0,empty,empty,1,field_out
2026-07-31,824407,CLE,"DeLauter, Chase",800050,4,1,empty,empty,1,field_out
2026-07-31,824407,CLE,"Manzardo, Kyle",700932,2,2,empty,empty,1,field_out
2026-07-31,824407,CLE,"Rocchio, Brayan",677587,4,0,empty,empty,1,field_out
2026-07-31,824407,CLE,"Halpin, Petey",690984,2,1,empty,empty,1,field_out
2026-07-31,824407,CLE,"Bazzana, Travis",683953,4,2,empty,empty,1,strikeout
