team,player_name,batter,n,b,n_trials,b_trials,alpha,n_success,n_failure,n_excluded,n_rate,b_success,b_failure,b_excluded,b_rate,S,total_pa
CLE,"Arias, Gabriel",ariag002,106,365,93,343,0.27113702623906705,28,65,13,0.3010752688172043,67,276,22,0.19533527696793002,2.1309320348281404,471
CLE,"Brennan, Will",brenw002,2,11,2,9,0.2222222222222222,0,2,0,0.0,1,8,2,0.1111111111111111,-0.6503971221558901,13
CLE,"Fry, David",fry-d001,55,102,49,97,0.5051546391752577,12,37,6,0.24489795918367346,13,84,5,0.13402061855670103,1.6453880535534608,157
CLE,"Halpin, Petey",halpp001,1,7,0,6,0.0,0,0,1,,2,4,1,0.3333333333333333,,8
CLE,"Hedges, Austin",hedga001,42,138,34,123,0.2764227642276423,3,31,8,0.08823529411764706,22,101,15,0.17886178861788618,-1.3516322493308357,180
CLE,"Jones, Nolan",jonen002,102,301,83,275,0.3018181818181818,20,63,19,0.24096385542168675,55,220,26,0.2,0.7942605325940101,403
CLE,"Kayfus, C. J.",kayfc001,31,107,29,95,0.30526315789473685,6,23,2,0.20689655172413793,21,74,12,0.22105263157894736,-0.16236956278591044,138
CLE,"Kwan, Steven",kwans001,129,564,117,515,0.22718446601941747,37,80,12,0.3162393162393162,133,382,49,0.258252427184466,1.2603800952857724,693
CLE,"Manzardo, Kyle",manzk001,147,384,132,343,0.3848396501457726,29,103,15,0.2196969696969697,81,262,41,0.23615160349854228,-0.38227433472894684,531
CLE,"Martinez, Angel",marta008,103,381,92,358,0.2569832402234637,22,70,11,0.2391304347826087,78,280,23,0.21787709497206703,0.4345334106792278,484
CLE,"Naylor, Bo",naylb001,103,311,83,282,0.29432624113475175,19,64,20,0.2289156626506024,51,231,29,0.18085106382978725,0.9623189501387294,414
CLE,"Noel, Jhonkensy",noelj001,32,121,30,119,0.25210084033613445,5,25,2,0.16666666666666666,19,100,2,0.15966386554621848,0.09292740656498365,153
CLE,"Nunez, Dom",nuned001,3,4,3,4,0.75,1,2,0,0.3333333333333333,1,3,0,0.25,0.24084865263118768,7
CLE,"Ramirez, Jose",ramij003,143,530,111,487,0.22792607802874743,34,77,32,0.3063063063063063,134,353,43,0.2751540041067762,0.6545760623908358,673
CLE,"Rocchio, Brayan",roccb001,101,282,86,263,0.3269961977186312,22,64,15,0.2558139534883721,58,205,19,0.22053231939163498,0.6699592006324546,383
CLE,"Rodriguez, Johnathan",rodrj009,20,57,19,52,0.36538461538461536,5,14,1,0.2631578947368421,9,43,5,0.17307692307692307,0.8260154550456041,77
CLE,"Santana, Carlos",santc002,114,341,99,301,0.3289036544850498,23,76,15,0.23232323232323232,66,235,40,0.21926910299003322,0.26996674723976505,455
CLE,"Schneemann, Daniel",schnd002,94,328,82,298,0.2751677852348993,16,66,12,0.1951219512195122,62,236,30,0.2080536912751678,-0.257920293525337,422
CLE,"Thomas, Lane",thoml002,33,109,29,98,0.29591836734693877,4,25,4,0.13793103448275862,16,82,11,0.16326530612244897,-0.3331910566127279,142
CLE,"Valera, George",valeg001,14,34,11,30,0.36666666666666664,4,7,3,0.36363636363636365,5,25,4,0.16666666666666666,1.304414711934002,48
CLE,"Wilson, Will",wilsw003,27,64,18,60,0.3,3,15,9,0.16666666666666666,12,48,4,0.2,-0.31874921397139566,91
