player_name,batter,teams,n,b,n_trials,b_trials,alpha,n_success,n_failure,n_excluded,n_rate,b_success,b_failure,b_excluded,b_rate,S,total_pa
"Abrams, CJ",abrac001,WAS,124,511,117,466,0.2510729613733906,28,89,7,0.23931623931623933,121,345,45,0.259656652360515,-0.45340813201880403,635
"Abreu, Wilyer",abrew002,BOS,126,291,110,266,0.41353383458646614,28,82,16,0.2545454545454545,64,202,25,0.24060150375939848,0.28538950872522106,417
"Acosta, Maximo",acosm002,MIA,15,46,13,41,0.3170731707317073,2,11,2,0.15384615384615385,9,32,5,0.21951219512195122,-0.5245981405002329,61
"Acuna, Luisangel",acunl001,NYN,50,143,46,130,0.35384615384615387,8,38,4,0.17391304347826086,33,97,13,0.25384615384615383,-1.1270948062956891,193
"Acuna, Ronald",acunr001,ATL,79,333,57,281,0.20284697508896798,12,45,22,0.21052631578947367,86,195,52,0.30604982206405695,-1.4867730472181244,412
"Adames, Willy",adamw002,SFN,156,530,135,465,0.2903225806451613,28,107,21,0.2074074074074074,105,360,65,0.22580645161290322,-0.45564617508880556,686
"Adams, Jordyn",adamj003,BAL,1,4,1,4,0.25,0,1,0,0.0,0,4,0,0.0,0.0,5
"Adams, Riley",adamr004,WAS,75,211,68,195,0.3487179487179487,11,57,7,0.16176470588235295,38,157,16,0.19487179487179487,-0.6109771606005288,286
"Adell, Jo",adelj001,ANA,152,421,140,387,0.36175710594315247,37,103,12,0.2642857142857143,87,300,34,0.2248062015503876,0.9357803045906854,573
"Ahmed, Nick",ahmen001,TEX,5,5,4,5,0.8,0,4,1,0.0,0,5,0,0.0,0.0,10
"Albies, Ozzie",albio001,ATL,182,485,158,450,0.3511111111111111,43,115,24,0.2721518987341772,102,348,35,0.22666666666666666,1.1431288058695268,667
"Alcantara, Kevin",alcak001,CHN,4,8,4,7,0.5714285714285714,1,3,0,0.25,3,4,1,0.42857142857142855,-0.6010028311693464,12
"Alcantara, Sergio",alcas002,SFN,2,2,2,2,1.0,0,2,0,0.0,0,2,0,0.0,0.0,4
"Alexander, Blaze",alexb001,ARI,69,197,59,172,0.3430232558139535,14,45,10,0.23728813559322035,39,133,25,0.22674418604651161,0.1657797620748902,266
"Alexander, CJ",alexc001,ATH,4,13,4,13,0.3076923076923077,1,3,0,0.25,2,11,0,0.15384615384615385,0.42766226105299715,17
"Alexander, Tyler",alext001,CHA,1,0,1,0,,0,1,0,0.0,0,0,0,,,1
"Alfaro, Jorge",alfaj002,WAS,11,28,11,28,0.39285714285714285,3,8,0,0.2727272727272727,7,21,0,0.25,0.14568012110314704,39
"Allen, Greg",alleg002,BAL,2,12,2,12,0.16666666666666666,0,2,0,0.0,0,12,0,0.0,0.0,14
"Allen, Nick",allen002,ATL,108,308,90,284,0.31690140845070425,15,75,18,0.16666666666666666,67,217,24,0.23591549295774647,-1.4152868802843004,416
"Alonso, Pete",alonp001,NYN,217,492,184,449,0.40979955456570155,54,130,33,0.29347826086956524,116,333,43,0.2583518930957684,0.900543487000695,709
"Altuve, Jose",altuj001,HOU,170,484,154,440,0.35,36,118,16,0.23376623376623376,120,320,44,0.2727272727272727,-0.9534258982291547,654
"Alvarez, Francisco",alvaf001,NYN,69,208,60,186,0.3225806451612903,14,46,9,0.23333333333333334,49,137,22,0.26344086021505375,-0.46784048931016053,277
"Alvarez, Nacho",alvan001,ATL,53,155,44,145,0.30344827586206896,11,33,9,0.25,33,112,10,0.22758620689655173,0.30637689899605003,208
"Alvarez, Yordan",alvay001,HOU,44,155,35,136,0.25735294117647056,11,24,9,0.3142857142857143,34,102,19,0.25,0.7596235320862155,199
"Amador, Adael",amada001,COL,32,96,26,87,0.2988505747126437,5,21,6,0.19230769230769232,15,72,9,0.1724137931034483,0.23144419934868837,128
"Amaya, Jacob",amayj001,CHA,22,51,21,48,0.4375,3,18,1,0.14285714285714285,4,44,3,0.08333333333333333,0.7335884817467113,73
"Amaya, Miguel",amaym001,CHN,31,72,28,69,0.4057971014492754,13,15,3,0.4642857142857143,14,55,3,0.2028985507246377,2.539625938232699,103
"Anderson, Tim",andet001,ANA,13,77,10,73,0.136986301369863,2,8,3,0.2,15,58,4,0.2054794520547945,-0.0403686370568637,90
"Andujar, Miguel",andum001,ATH+CIN,90,251,83,240,0.3458333333333333,29,54,7,0.3493975903614458,73,167,11,0.30416666666666664,0.759773417293221,341
"Anthony, Roman",anthr001,BOS,74,229,63,195,0.3230769230769231,20,43,11,0.31746031746031744,55,140,34,0.28205128205128205,0.5349982074143953,303
"Aranda, Jonathan",aranj001,TBA,104,318,93,280,0.33214285714285713,33,60,11,0.3548387096774194,84,196,38,0.3,0.980449072756593,422
"Arcia, Orlando",arcio002,ATL+COL,45,169,43,161,0.2670807453416149,8,35,2,0.18604651162790697,33,128,8,0.20496894409937888,-0.2770246782960864,214
"Arenado, Nolan",arenn001,SLN,133,303,114,291,0.3917525773195876,25,89,19,0.21929824561403508,70,221,12,0.24054982817869416,-0.4560874925156643,436
"Arias, Gabriel",ariag002,CLE,106,365,93,343,0.27113702623906705,28,65,13,0.3010752688172043,67,276,22,0.19533527696793002,2.1309320348281404,471
"Arozarena, Randy",arozr001,SEA,177,532,150,468,0.32051282051282054,30,120,27,0.2,116,352,64,0.24786324786324787,-1.2168226672241502,709
"Arraez, Luis",arral001,SDN,172,503,157,470,0.33404255319148934,43,114,15,0.27388535031847133,138,332,33,0.2936170212765957,-0.4740339437824682,675
"Avans, Drew",avand001,ATH+MIL,5,13,5,13,0.38461538461538464,0,5,0,0.0,2,11,0,0.15384615384615385,-1.1813369037463988,18
"Azocar, Jose",azocj001,ATL+NYN,6,15,6,13,0.46153846153846156,1,5,0,0.16666666666666666,4,9,2,0.3076923076923077,-0.6675899455294043,21
"Baddoo, Akil",badda001,DET,5,13,4,13,0.3076923076923077,1,3,1,0.25,1,12,0,0.07692307692307693,0.8749594770998541,18
"Bader, Harrison",badeh001,MIN+PHI,120,381,107,344,0.311046511627907,25,82,13,0.2336448598130841,99,245,37,0.2877906976744186,-1.1085714388931027,501
"Bae, Ji Hwan",bae-j001,PIT,7,18,5,15,0.3333333333333333,0,5,2,0.0,1,14,3,0.06666666666666667,-0.7698759185711959,25
"Baez, Javier",baezj001,DET,112,325,109,311,0.3504823151125402,31,78,3,0.28440366972477066,76,235,14,0.24437299035369775,0.8190255988303214,437
"Bailey, Patrick",bailp001,SFN,138,314,127,288,0.4409722222222222,31,96,11,0.2440944881889764,60,228,26,0.20833333333333334,0.8057298324978828,452
"Baker, Luken",bakel001,SLN,13,28,11,23,0.4782608695652174,1,10,2,0.09090909090909091,7,16,5,0.30434782608695654,-1.4598918295297763,41
"Baldwin, Brooks",baldb001,CHA,94,234,85,217,0.391705069124424,16,69,9,0.18823529411764706,56,161,17,0.25806451612903225,-1.30249063142688,328
"Baldwin, Drake",baldd001,ATL,124,322,113,292,0.386986301369863,36,77,11,0.3185840707964602,75,217,30,0.2568493150684932,1.2377867011167425,446
"Ballesteros, Moises",ballm001,CHN,20,46,18,39,0.46153846153846156,6,12,2,0.3333333333333333,11,28,7,0.28205128205128205,0.39123473869579806,66
"Banfield, Will",banfw001,CIN,2,8,2,8,0.25,0,2,0,0.0,1,7,0,0.125,-0.6879948311767875,10
"Banuelos, David",banud001,BAL,0,2,0,1,0.0,0,0,0,,0,1,1,0.0,,2
"Barger, Addison",barga001,TOR,137,365,124,338,0.3668639053254438,36,88,13,0.2903225806451613,76,262,27,0.22485207100591717,1.436934600382164,502
"Barnes, Austin",barna001,LAN,8,36,8,34,0.23529411764705882,1,7,0,0.125,8,26,2,0.23529411764705882,-0.7182985987427336,44
"Barnhart, Tucker",barnt001,TEX,4,11,4,9,0.4444444444444444,0,4,0,0.0,3,6,2,0.3333333333333333,-1.6087425750578472,15
"Barrero, Jose",garcj007,SLN,9,22,9,20,0.45,1,8,0,0.1111111111111111,3,17,2,0.15,-0.2857809815787621,31
"Barrosa, Jorge",barrj004,ARI,28,49,26,48,0.5416666666666666,4,22,2,0.15384615384615385,6,42,1,0.125,0.3437508447818482,77
"Bart, Joey",bartj003,PIT,94,238,78,207,0.37681159420289856,24,54,16,0.3076923076923077,47,160,31,0.22705314009661837,1.3837466277052395,332
"Basallo, Samuel",basas001,BAL,25,93,23,86,0.26744186046511625,5,18,2,0.21739130434782608,13,73,7,0.1511627906976744,0.7396486176208753,118
"Baty, Brett",batyb001,NYN,111,321,99,297,0.3333333333333333,27,72,12,0.2727272727272727,73,224,24,0.24579124579124578,0.5312456323613007,432
"Bauers, Jake",bauej001,MIL,73,145,59,125,0.472,10,49,14,0.1694915254237288,33,92,20,0.264,-1.4435010792861052,218
"Beavers, Dylan",beavd001,BAL,32,105,27,83,0.3253012048192771,6,21,5,0.2222222222222222,19,64,22,0.2289156626506024,-0.07222092897411926,137
"Beck, Jordan",beckj003,COL,134,454,120,420,0.2857142857142857,29,91,14,0.24166666666666667,110,310,34,0.2619047619047619,-0.44941084630760586,588
"Bell, Josh",bellj005,WAS,141,392,120,351,0.3418803418803419,29,91,21,0.24166666666666667,82,269,41,0.2336182336182336,0.17898935637493163,533
"Bellinger, Cody",bellc002,NYA,171,485,150,447,0.33557046979865773,49,101,21,0.32666666666666666,111,336,38,0.2483221476510067,1.8495853568777165,656
"Benintendi, Andrew",benia002,CHA,120,350,102,324,0.3148148148148148,22,80,18,0.21568627450980393,79,245,26,0.24382716049382716,-0.5871723035971673,470
"Benson, Will",bensw001,CIN,70,183,63,173,0.36416184971098264,14,49,7,0.2222222222222222,38,135,10,0.21965317919075145,0.042094888028074894,253
"Bernabel, Warming",bernw002,COL,35,111,32,107,0.29906542056074764,6,26,3,0.1875,29,78,4,0.27102803738317754,-0.9774878215522534,146
"Berroa, Steward",berrs002,MIL,2,4,2,3,0.6666666666666666,0,2,0,0.0,0,3,1,0.0,0.0,6
"Berti, Jon",bertj001,CHN,26,81,25,75,0.3333333333333333,2,23,1,0.08,19,56,6,0.25333333333333335,-1.9894016877520284,107
"Betts, Mookie",bettm001,LAN,151,512,139,460,0.30217391304347824,38,101,12,0.2733812949640288,114,346,52,0.24782608695652175,0.6033075506885878,663
"Bichette, Bo",bichb001,TOR,164,464,150,435,0.3448275862068966,56,94,14,0.37333333333333335,125,310,29,0.28735632183908044,1.943488221259328,628
"Biggio, Cavan",biggc002,KCA,24,59,19,50,0.38,4,15,5,0.21052631578947367,8,42,9,0.16,0.4871193692899674,83
"Black, Tyler",blact003,MIL,5,8,3,5,0.6,1,2,2,0.3333333333333333,1,4,3,0.2,0.4174363050217099,13
"Blanco, Dairon",bland001,KCA,3,5,2,4,0.5,1,1,1,0.5,0,4,1,0.0,1.6230051707113797,8
"Bleday, JJ",bledj001,ATH,79,265,71,237,0.29957805907172996,15,56,8,0.2112676056338028,50,187,28,0.2109704641350211,0.005381978871424366,344
"Bliss, Ryan",blisr001,SEA,9,30,9,26,0.34615384615384615,1,8,0,0.1111111111111111,6,20,4,0.23076923076923078,-0.8115272751286943,39
"Bogaerts, Xander",bogax001,SDN,147,405,129,370,0.34864864864864864,22,107,18,0.17054263565891473,107,263,35,0.2891891891891892,-2.731824406457873,552
"Bohm, Alec",bohma001,PHI,138,366,129,341,0.3782991202346041,35,94,9,0.2713178294573643,98,243,25,0.2873900293255132,-0.3461079003262773,504
"Bouchard, Sean",boucs001,COL,18,55,14,52,0.2692307692307692,4,10,4,0.2857142857142857,7,45,3,0.1346153846153846,1.2788864388989907,73
"Brantly, Rob",branr002,MIA,2,5,2,5,0.4,1,1,0,0.5,2,3,0,0.4,0.24084865263118768,7
"Bregman, Alex",brega001,BOS,131,364,110,325,0.3384615384615385,28,82,21,0.2545454545454545,90,235,39,0.27692307692307694,-0.4583050018849485,495
"Brennan, Will",brenw002,CLE,2,11,2,9,0.2222222222222222,0,2,0,0.0,1,8,2,0.1111111111111111,-0.6503971221558901,13
"Bride, Jonah",bridj001,MIA+MIN,30,95,26,87,0.2988505747126437,4,22,4,0.15384615384615385,15,72,8,0.1724137931034483,-0.22397352297126277,125
"Brooks, Trenton",broot002,SDN,14,29,14,27,0.5185185185185185,0,14,0,0.0,6,21,2,0.2222222222222222,-2.352296066749311,43
"Brown, Seth",brows003,ATH,20,56,17,48,0.3541666666666667,3,14,3,0.17647058823529413,9,39,8,0.1875,-0.10110223205891465,76
"Brujan, Vidal",brujv001,ATL+BAL+CHN,35,60,31,57,0.543859649122807,9,22,4,0.2903225806451613,13,44,3,0.22807017543859648,0.6396996641528478,95
"Bryant, Kris",bryak001,COL,11,30,11,28,0.39285714285714285,1,10,0,0.09090909090909091,5,23,2,0.17857142857142858,-0.7133456778976754,41
"Burger, Jake",burgj001,TEX,113,263,104,255,0.40784313725490196,27,77,9,0.25961538461538464,57,198,8,0.2235294117647059,0.7274945896474536,376
"Burleson, Alec",burla001,SLN,138,408,123,378,0.3253968253968254,33,90,15,0.2682926829268293,111,267,30,0.29365079365079366,-0.5423094151569832,546
"Busch, Michael",buscm003,CHN,141,451,122,404,0.30198019801980197,35,87,19,0.28688524590163933,102,302,47,0.2524752475247525,0.7535023789335845,592
"Butler, Lawrence",butll001,ATH,141,489,128,441,0.29024943310657597,29,99,13,0.2265625,104,337,48,0.23582766439909297,-0.21861510844772636,630
"Buxton, Byron",buxtb001,MIN,118,424,102,392,0.2602040816326531,30,72,16,0.29411764705882354,99,293,32,0.25255102040816324,0.8434035120361171,542
"Caballero, Jose",cabaj001,NYA+TBA,97,273,80,236,0.3389830508474576,21,59,17,0.2625,53,183,37,0.2245762711864407,0.6862563330926117,370
"Cabrera, Oswaldo",cabro002,NYA,34,88,29,79,0.3670886075949367,5,24,5,0.1724137931034483,21,58,9,0.26582278481012656,-1.0313797991927085,122
"Caglianone, Jac",caglj001,KCA,44,188,40,170,0.23529411764705882,6,34,4,0.15,27,143,18,0.1588235294117647,-0.13862867817526708,232
"Caissie, Owen",caiso001,CHN,5,22,5,21,0.23809523809523808,2,3,0,0.4,3,18,1,0.14285714285714285,1.2254372404111744,27
"Call, Alex",calla002,LAN+WAS,87,235,69,205,0.33658536585365856,18,51,18,0.2608695652173913,54,151,30,0.2634146341463415,-0.041568019998403184,322
"Callihan, Tyler",callt001,CIN,1,5,1,5,0.2,1,0,0,1.0,0,5,0,0.0,2.32523859128384,6
"Cameron, Daz",camed001,MIL,5,37,5,36,0.1388888888888889,1,4,0,0.2,7,29,1,0.19444444444444445,0.02929450215060046,42
"Caminero, Junior",camij001,TBA,158,495,144,465,0.3096774193548387,37,107,14,0.2569444444444444,122,343,30,0.2623655913978495,-0.1295746264990726,653
"Campbell, Kristian",campk002,BOS,79,184,68,162,0.41975308641975306,12,56,11,0.17647058823529413,39,123,22,0.24074074074074073,-1.0882083134819713,263
"Campero, Gustavo",campg001,ANA,18,48,14,44,0.3181818181818182,2,12,4,0.14285714285714285,8,36,4,0.18181818181818182,-0.3418681839262807,66
"Campusano, Luis",campl002,SDN,10,17,8,13,0.6153846153846154,0,8,2,0.0,0,13,4,0.0,0.0,27
"Canario, Alexander",canaa001,PIT,63,171,56,161,0.34782608695652173,9,47,7,0.16071428571428573,38,123,10,0.2360248447204969,-1.2067849456339177,234
"Candelario, Jeimer",candj002,CIN,22,69,22,60,0.36666666666666664,4,18,0,0.18181818181818182,5,55,9,0.08333333333333333,1.2092923593309965,91
"Canha, Mark",canhm001,KCA,32,93,29,86,0.3372093023255814,3,26,3,0.10344827586206896,21,65,7,0.2441860465116279,-1.706887098171084,125
"Canzone, Dominic",canzd001,SEA,58,211,51,194,0.26288659793814434,13,38,7,0.2549019607843137,60,134,17,0.30927835051546393,-0.7640744516552821,269
"Capra, Vinny",caprv001,CHA+MIL,32,73,28,70,0.4,3,25,4,0.10714285714285714,9,61,3,0.12857142857142856,-0.2957424704192909,105
"Caratini, Victor",carav001,HOU,97,289,86,264,0.32575757575757575,18,68,11,0.20930232558139536,71,193,25,0.2689393939393939,-1.1192885830568788,386
"Carlson, Dylan",carld002,BAL,51,190,44,174,0.25287356321839083,5,39,7,0.11363636363636363,39,135,16,0.22413793103448276,-1.7187698077574112,241
"Carpenter, Kerry",carpk001,DET,96,368,88,347,0.25360230547550433,14,74,8,0.1590909090909091,95,252,21,0.2737752161383285,-2.3025090601620426,464
"Carroll, Corbin",carrc005,ARI,142,500,123,445,0.27640449438202247,35,88,19,0.2845528455284553,111,334,55,0.24943820224719102,0.7825485190251785,642
"Carter, Evan",carte001,TEX,59,161,50,144,0.3472222222222222,15,35,9,0.3,33,111,17,0.22916666666666666,0.9864473606472308,220
"Casas, Triston",casat001,BOS,27,85,24,75,0.32,5,19,3,0.20833333333333334,13,62,10,0.17333333333333334,0.38234862437426437,112
"Castellanos, Nick",castn001,PHI,156,433,146,407,0.35872235872235875,34,112,10,0.2328767123287671,103,304,26,0.25307125307125306,-0.48708300586891007,589
"Castro, Willi",castw003,CHN+MIN,102,352,81,321,0.2523364485981308,22,59,21,0.2716049382716049,69,252,31,0.21495327102803738,1.0715118527376244,454
"Chaparro, Andres",chapa002,WAS,19,54,16,51,0.3137254901960784,1,15,3,0.0625,11,40,3,0.21568627450980393,-1.5234519165686748,73
"Chapman, Matt",chapm001,SFN,144,391,124,334,0.3712574850299401,23,101,20,0.18548387096774194,82,252,57,0.24550898203592814,-1.3796138350607672,535
"Cheng, Tsung-Che",chent001,PIT,1,6,1,6,0.16666666666666666,0,1,0,0.0,0,6,0,0.0,0.0,7
"Chisholm, Jazz",chisj001,NYA,147,384,129,337,0.3827893175074184,26,103,18,0.20155038759689922,86,251,47,0.2551928783382789,-1.2279478432189739,531
"Chourio, Jackson",chouj001,MIL,123,466,113,442,0.25565610859728505,28,85,10,0.24778761061946902,120,322,24,0.27149321266968324,-0.5115048972131485,589
"Church, Nathan",churn001,SLN,19,46,16,41,0.3902439024390244,2,14,3,0.125,8,33,5,0.1951219512195122,-0.6428663984205049,65
"Clarke, Denzel",clard004,ATH,35,124,31,117,0.26495726495726496,5,26,4,0.16129032258064516,29,88,7,0.24786324786324787,-1.050238208416555,159
"Clase, Jonatan",clasj001,TOR,28,84,23,77,0.2987012987012987,7,16,5,0.30434782608695654,14,63,7,0.18181818181818182,1.2274881580873382,112
"Clemens, Kody",clemk001,MIN+PHI,100,286,90,260,0.34615384615384615,21,69,10,0.23333333333333334,53,207,26,0.20384615384615384,0.5858932906329756,386
"Clement, Ernie",cleme002,TOR,155,433,142,408,0.3480392156862745,38,104,13,0.2676056338028169,113,295,25,0.2769607843137255,-0.21551893301880656,588
"Cole, Zach",colez001,HOU,13,39,11,36,0.3055555555555556,4,7,2,0.36363636363636365,8,28,3,0.2222222222222222,0.9177719235151872,52
"Collins, Isaac",colli001,MIL,114,327,98,277,0.35379061371841153,28,70,16,0.2857142857142857,70,207,50,0.2527075812274368,0.6352729640615609,441
"Conforto, Michael",confm001,LAN,117,369,103,318,0.3238993710691824,18,85,14,0.17475728155339806,65,253,51,0.20440251572327045,-0.664042142100579,486
"Conine, Griffin",conig001,MIA,23,63,22,57,0.38596491228070173,5,17,1,0.22727272727272727,15,42,6,0.2631578947368421,-0.33124866335101555,86
"Contreras, William",contw002,MIL,188,471,155,417,0.37170263788968827,43,112,33,0.27741935483870966,104,313,54,0.24940047961630696,0.6780842380620388,659
"Contreras, Willson",contw001,SLN,152,411,140,354,0.3954802259887006,38,102,12,0.2714285714285714,88,266,57,0.24858757062146894,0.5227167277496159,563
"Cook, Billy",cookb002,PIT,1,5,1,5,0.2,0,1,0,0.0,2,3,0,0.4,-0.9529183330407643,6
"Corona, Kenedy",corok001,HOU,1,3,0,2,0.0,0,0,1,,0,2,1,0.0,,4
"Correa, Carlos",corrc001,HOU+MIN,143,441,134,404,0.3316831683168317,35,99,9,0.26119402985074625,113,291,37,0.27970297029702973,-0.41727276172065786,584
"Cortes, Carlos",cortc001,ATH,22,77,20,76,0.2631578947368421,7,13,2,0.35,22,54,1,0.2894736842105263,0.5193219772159834,99
"Cowser, Colton",cowsc001,BAL,82,278,73,254,0.2874015748031496,16,57,9,0.2191780821917808,48,206,24,0.1889763779527559,0.5674260757635988,360
"Crawford, J. P.",crawj002,SEA,149,505,122,449,0.2717149220489978,35,87,27,0.28688524590163933,116,333,56,0.2583518930957684,0.6296989299487347,654
"Crews, Dylan",crewd001,WAS,73,249,65,228,0.2850877192982456,13,52,8,0.2,48,180,21,0.21052631578947367,-0.18503649946303258,322
"Crim, Blaine",crimb001,COL+TEX,18,56,15,52,0.28846153846153844,2,13,3,0.13333333333333333,11,41,4,0.21153846153846154,-0.6977645716645657,74
"Cronenworth, Jake",cronj001,SDN,143,372,115,311,0.36977491961414793,31,84,28,0.26956521739130435,72,239,61,0.2315112540192926,0.8081445357491337,515
"Crooks, Jimmy",crooj001,SLN,5,41,4,41,0.0975609756097561,0,4,1,0.0,6,35,0,0.14634146341463414,-1.096936878640729,46
"Crow-Armstrong, Pete",crowp001,CHN,176,471,161,442,0.36425339366515835,37,124,15,0.22981366459627328,109,333,29,0.24660633484162897,-0.42747586343185234,647
"Cruz, Oneil",cruzo001,PIT,139,405,119,357,0.3333333333333333,23,96,20,0.19327731092436976,71,286,48,0.19887955182072828,-0.13318655453641667,544
"Dalbec, Bobby",dalbb001,CHA,5,16,2,16,0.125,1,1,3,0.5,3,13,0,0.1875,0.9243118295096068,21
"Davidson, Logan",davil002,ANA+ATH,11,36,8,34,0.23529411764705882,3,5,3,0.375,4,30,2,0.11764705882352941,1.6222859948330182,47
"Davis, Henry",davih001,PIT,78,205,71,184,0.3858695652173913,5,66,7,0.07042253521126761,37,147,21,0.20108695652173914,-2.7012418039220454,283
"Davis, J. D.",davij006,ANA,1,8,1,8,0.125,0,1,0,0.0,1,7,0,0.125,-0.5006547164179975,9
"De La Cruz, Bryan",delab001,ATL,9,41,9,38,0.23684210526315788,0,9,0,0.0,9,29,3,0.23684210526315788,-2.074593073725631,50
"De La Cruz, Elly",delae003,CIN,192,507,163,467,0.3490364025695932,47,116,29,0.2883435582822086,119,348,40,0.25481798715203424,0.8313761367378615,699
"DeJong, Paul",dejop001,WAS,53,155,51,145,0.35172413793103446,10,41,2,0.19607843137254902,34,111,10,0.23448275862068965,-0.5713249087089294,208
"DeLuca, Jonny",deluj001,TBA,17,42,15,42,0.35714285714285715,5,10,2,0.3333333333333333,14,28,0,0.3333333333333333,0.0,59
"Dean, Justin",deanj001,LAN,0,2,0,2,0.0,0,0,0,,0,2,0,0.0,,2
"Del Castillo, Adrian",delca001,ARI,36,95,34,88,0.38636363636363635,9,25,2,0.2647058823529412,20,68,7,0.22727272727272727,0.4322597699327644,131
"Devanney, Cam",devac002,PIT,7,31,7,29,0.2413793103448276,0,7,0,0.0,5,24,2,0.1724137931034483,-1.532834827451003,38
"Devers, Rafael",dever001,BOS+SFN,184,545,144,467,0.3083511777301927,43,101,40,0.2986111111111111,110,357,78,0.23554603854389722,1.5070280650827783,729
"Dezenzo, Zach",dezez001,HOU,26,83,24,74,0.32432432432432434,8,16,2,0.3333333333333333,16,58,9,0.21621621621621623,1.1337207024673666,109
"Diaz, Elias",diaze005,SDN,86,197,75,180,0.4166666666666667,14,61,11,0.18666666666666668,38,142,17,0.2111111111111111,-0.4442967620582682,283
"Diaz, Yainer",diazy004,HOU,144,423,138,407,0.33906633906633904,36,102,6,0.2608695652173913,103,304,16,0.25307125307125306,0.18132465760336575,567
"Diaz, Yandy",diazy001,TBA,160,491,142,446,0.3183856502242152,40,102,18,0.28169014084507044,135,311,45,0.30269058295964124,-0.47842481337497195,651
"Dingler, Dillon",dingd001,DET,115,354,99,337,0.29376854599406527,29,70,16,0.29292929292929293,92,245,17,0.27299703264094954,0.38787844967542334,469
"Dominguez, Jasson",domij003,NYA,120,309,107,278,0.38489208633093525,26,81,13,0.24299065420560748,72,206,31,0.2589928057553957,-0.32392231008164313,429
"Donovan, Brendan",donob001,SLN,121,394,107,357,0.29971988795518206,27,80,14,0.2523364485981308,105,252,37,0.29411764705882354,-0.8474696029926317,515
"Doyle, Brenton",doylb001,COL,114,424,111,395,0.2810126582278481,26,85,3,0.23423423423423423,91,304,29,0.23037974683544304,0.08500881945394587,538
"Dubon, Mauricio",dubom001,HOU,99,299,93,277,0.33574007220216606,21,72,6,0.22580645161290322,68,209,22,0.24548736462093862,-0.38607096249264367,398
"Dunn, Blake",dunnb001,CIN,24,51,17,43,0.3953488372093023,3,14,7,0.17647058823529413,6,37,8,0.13953488372093023,0.3562934419917826,75
"Dunn, Oliver",dunno001,MIL,12,29,10,27,0.37037037037037035,2,8,2,0.2,4,23,2,0.14814814814814814,0.3734364920028126,41
"Duran, Ezequiel",durae002,TEX,52,167,48,158,0.3037974683544304,8,40,4,0.16666666666666666,38,120,9,0.24050632911392406,-1.1022758768546403,219
"Duran, Jarren",duraj001,BOS,171,525,150,473,0.3171247357293869,46,104,21,0.30666666666666664,113,360,52,0.23890063424947147,1.6366432312590735,696
"Durbin, Caleb",durbc002,MIL,142,364,124,325,0.38153846153846155,31,93,18,0.25,83,242,39,0.2553846153846154,-0.11733119824876892,506
"Eaton, Nate",eaton001,BOS,18,72,15,67,0.22388059701492538,2,13,3,0.13333333333333333,22,45,5,0.3283582089552239,-1.593872793898605,90
"Edman, Tommy",edmat001,LAN,87,290,81,270,0.3,23,58,6,0.2839506172839506,55,215,20,0.2037037037037037,1.4934043153172964,377
"Edwards, Xavier",edwax001,MIA,124,495,107,457,0.23413566739606126,37,70,17,0.34579439252336447,122,335,38,0.26695842450765866,1.606547800602611,619
"Eldridge, Bryce",eldrb002,SFN,11,26,7,22,0.3181818181818182,1,6,4,0.14285714285714285,2,20,4,0.09090909090909091,0.380588610819564,37
"Elko, Tim",elkot001,CHA,20,52,19,48,0.3958333333333333,4,15,1,0.21052631578947367,5,43,4,0.10416666666666667,1.1103382923611123,72
"Encarnacion, Jerar",encaj002,SFN,15,41,15,40,0.375,3,12,0,0.2,8,32,1,0.2,0.0,56
"Encarnacion-Strand, Christian",encac001,CIN,36,101,35,97,0.36082474226804123,8,27,1,0.22857142857142856,19,78,4,0.1958762886597938,0.4075079564686106,137
"English, Tristin",englt001,ARI,5,18,4,18,0.2222222222222222,0,4,1,0.0,2,16,0,0.1111111111111111,-0.9198004310812904,23
"Escarra, J. C.",escaj001,NYA,27,71,24,62,0.3870967741935484,6,18,3,0.25,11,51,9,0.1774193548387097,0.744945283508395,98
"Espinal, Santiago",espis001,CIN,76,252,71,232,0.30603448275862066,15,56,5,0.2112676056338028,58,174,20,0.25,-0.6748076605610738,328
"Estrada, Thairo",estrt001,COL,47,118,43,114,0.37719298245614036,11,32,4,0.2558139534883721,28,86,4,0.24561403508771928,0.13163673472651055,165
"Fairchild, Stuart",fairs001,ATL,10,45,8,43,0.18604651162790697,1,7,2,0.125,10,33,2,0.23255813953488372,-0.7154233670501886,55
"Farmer, Kyle",farmk001,COL,59,241,54,225,0.24,14,40,5,0.25925925925925924,49,176,16,0.21777777777777776,0.6466727279790754,300
"Feduccia, Hunter",feduh001,LAN+TBA,33,72,28,62,0.45161290322580644,4,24,5,0.14285714285714285,9,53,10,0.14516129032258066,-0.028810741313716668,105
"Fermin, Freddy",fermf002,KCA+SDN,90,257,81,238,0.3403361344537815,20,61,9,0.24691358024691357,60,178,19,0.25210084033613445,-0.09313550895687395,347
"Fermin, Jose",fermj001,SLN,18,52,13,47,0.2765957446808511,5,8,5,0.38461538461538464,12,35,5,0.2553191489361702,0.8966011681557503,70
"Fernandez, Yanquiel",ferny001,COL,30,117,29,110,0.2636363636363636,1,28,1,0.034482758620689655,30,80,7,0.2727272727272727,-3.150701521445106,147
"Fitzgerald, Ryan",fitzr001,MIN,13,40,12,34,0.35294117647058826,3,9,1,0.25,6,28,6,0.17647058823529413,0.5413387156576595,53
"Fitzgerald, Tyler",fitzt001,SFN,63,180,54,164,0.32926829268292684,10,44,9,0.18518518518518517,37,127,16,0.22560975609756098,-0.6343550086124112,243
"Fletcher, Dominic",fletd003,CHA,4,30,4,28,0.14285714285714285,0,4,0,0.0,7,21,2,0.25,-1.459382181042651,34
"Flores, Rafael",florr004,PIT,5,12,4,11,0.36363636363636365,0,4,1,0.0,3,8,1,0.2727272727272727,-1.4564048556179414,17
"Flores, Wilmer",florw001,SFN,124,339,111,311,0.35691318327974275,36,75,13,0.32432432432432434,65,246,28,0.2090032154340836,2.3933417834921307,463
"Ford, Harry",fordh001,SEA,3,5,3,4,0.75,0,3,0,0.0,1,3,1,0.25,-1.1148754634878544,8
"Fortes, Nick",fortn001,MIA+TBA,59,183,51,168,0.30357142857142855,14,37,8,0.27450980392156865,36,132,15,0.21428571428571427,0.8842181585894722,242
"Foscue, Justin",foscj001,TEX,1,8,1,8,0.125,1,0,0,1.0,0,8,0,0.0,2.5057888428945034,9
"Fraley, Jake",fralj001,ATL+CIN,53,164,44,147,0.29931972789115646,11,33,9,0.25,35,112,17,0.23809523809523808,0.16153628015347482,217
"France, Ty",frant002,MIN+TOR,123,367,114,333,0.34234234234234234,33,81,9,0.2894736842105263,81,252,34,0.24324324324324326,0.9687000253456584,490
"Frazier, Adam",fraza001,KCA+PIT,105,354,93,331,0.2809667673716012,28,65,12,0.3010752688172043,84,247,23,0.2537764350453172,0.9051086142018624,459
"Freeland, Alex",freea001,LAN,23,74,19,65,0.2923076923076923,4,15,4,0.21052631578947367,12,53,9,0.18461538461538463,0.25074339225185144,97
"Freeman, Cody",freec003,TEX,29,92,27,88,0.3068181818181818,8,19,2,0.2962962962962963,18,70,4,0.20454545454545456,0.975750310318042,121
"Freeman, Freddie",freef001,LAN,161,466,129,432,0.2986111111111111,40,89,32,0.31007751937984496,124,308,34,0.28703703703703703,0.5028687298720256,627
"Freeman, Tyler",freet001,COL,88,340,80,301,0.26578073089701,23,57,8,0.2875,83,218,39,0.2757475083056478,0.2079855468226962,428
"Frelick, Sal",frels001,MIL,143,451,128,405,0.3160493827160494,36,92,15,0.28125,116,289,46,0.28641975308641976,-0.11303038875998103,594
"Friedl, TJ",friet001,CIN,141,544,117,467,0.2505353319057816,29,88,24,0.24786324786324787,122,345,77,0.26124197002141325,-0.2965763369075444,685
"Fry, David",fry-d001,CLE,55,102,49,97,0.5051546391752577,12,37,6,0.24489795918367346,13,84,5,0.13402061855670103,1.6453880535534608,157
"Fulford, Braxton",fulfb001,COL,27,93,22,89,0.24719101123595505,4,18,5,0.18181818181818182,19,70,4,0.21348314606741572,-0.3321188323510333,120
"Garcia, Adolis",garca005,TEX,157,390,150,364,0.41208791208791207,35,115,7,0.23333333333333334,80,284,26,0.21978021978021978,0.3342087207417391,547
"Garcia, Aramis",garca006,ARI,1,3,1,3,0.3333333333333333,0,1,0,0.0,0,3,0,0.0,0.0,4
"Garcia, Jhostynxon",garcj008,BOS,1,8,1,6,0.16666666666666666,0,1,0,0.0,1,5,2,0.16666666666666666,-0.5787002243321405,9
"Garcia, Luis",garcl006,WAS,137,389,124,373,0.3324396782841823,34,90,13,0.27419354838709675,89,284,16,0.2386058981233244,0.7895354008918204,526
"Garcia, Maikel",garcm003,KCA,179,487,159,441,0.36054421768707484,42,117,20,0.2641509433962264,128,313,46,0.29024943310657597,-0.6289795392758963,666
"Garver, Mitch",garvm001,SEA,91,199,78,179,0.43575418994413406,16,62,13,0.20512820512820512,37,142,20,0.20670391061452514,-0.028715993908002002,290
"Gasper, Mickey",gaspm001,MIN,31,79,29,67,0.43283582089552236,5,24,2,0.1724137931034483,10,57,12,0.14925373134328357,0.2848225908881836,110
"Gelof, Zack",geloz001,ATH,23,78,21,72,0.2916666666666667,3,18,2,0.14285714285714285,13,59,6,0.18055555555555555,-0.40978874778964286,101
"Gilbert, Drew",gilbd001,SFN,25,84,22,79,0.27848101265822783,7,15,3,0.3181818181818182,12,67,5,0.1518987341772152,1.6840120895822022,109
"Gimenez, Andres",gimea001,TOR,87,282,78,254,0.30708661417322836,19,59,9,0.24358974358974358,50,204,28,0.1968503937007874,0.8779941982064102,369
"Goldschmidt, Paul",goldp001,NYA,127,407,111,380,0.29210526315789476,34,77,16,0.3063063063063063,100,280,27,0.2631578947368421,0.890296450409042,534
"Gonzales, Nick",gonzn001,PIT,97,311,91,294,0.30952380952380953,20,71,6,0.21978021978021978,79,215,17,0.2687074829931973,-0.9444226657004463,408
"Gonzalez, Oscar",gonzo001,SDN,16,45,15,44,0.3409090909090909,4,11,1,0.26666666666666666,9,35,1,0.20454545454545456,0.4939538225776758,61
"Gonzalez, Romy",gonzr003,BOS,105,236,97,223,0.4349775784753363,29,68,8,0.29896907216494845,67,156,13,0.3004484304932735,-0.026546519049250636,341
"Goodman, Hunter",goodh001,COL,145,434,131,411,0.31873479318734793,38,93,14,0.2900763358778626,112,299,23,0.2725060827250608,0.39014339006723225,579
"Gorman, Nolan",gormn001,SLN,112,290,101,254,0.39763779527559057,16,85,11,0.15841584158415842,56,198,36,0.2204724409448819,-1.3368992139309297,402
"Gorski, Matt",gorsm001,PIT,15,27,14,27,0.5185185185185185,3,11,1,0.21428571428571427,5,22,0,0.18518518518518517,0.22173533391606634,42
"Gray, Tristan",grayt001,TBA,21,65,19,60,0.31666666666666665,4,15,2,0.21052631578947367,14,46,5,0.23333333333333334,-0.2078747932195567,86
"Greene, Riley",greer003,DET,172,483,161,444,0.36261261261261263,38,123,11,0.2360248447204969,117,327,39,0.2635135135135135,-0.6884465047546542,655
"Grichuk, Randal",gricr001,ARI+KCA,67,226,63,212,0.2971698113207547,10,53,4,0.15873015873015872,52,160,14,0.24528301886792453,-1.4862818360729073,293
"Grisham, Trent",grist001,NYA,130,451,102,393,0.2595419847328244,21,81,28,0.20588235294117646,95,298,58,0.24173027989821882,-0.7700916291322791,581
"Guerrero, Vladimir",guerv002,TOR,177,503,144,449,0.3207126948775056,43,101,33,0.2986111111111111,129,320,54,0.2873051224944321,0.259653117414917,680
"Guillorme, Luis",guill001,HOU,4,17,4,16,0.25,0,4,0,0.0,3,13,1,0.1875,-1.2107359029017228,21
"Gurriel, Lourdes",gurrl001,ARI,157,389,147,362,0.40607734806629836,35,112,10,0.23809523809523808,89,273,27,0.24585635359116023,-0.18515064042964166,546
"Gurriel, Yuli",gurry001,SDN,16,24,14,22,0.6363636363636364,2,12,2,0.14285714285714285,2,20,2,0.09090909090909091,0.47819003048617614,40
"Guzman, Denzer",guzmd002,ANA,10,33,10,32,0.3125,2,8,0,0.2,6,26,1,0.1875,0.08749258788067908,43
"Haase, Eric",haase001,MIL,22,55,21,49,0.42857142857142855,7,14,1,0.3333333333333333,9,40,6,0.1836734693877551,1.3359012629079032,77
"Haggerty, Sam",haggs001,TEX,45,137,37,125,0.296,9,28,8,0.24324324324324326,32,93,12,0.256,-0.15725685177901796,182
"Halpin, Petey",halpp001,CLE,1,7,0,6,0.0,0,0,1,,2,4,1,0.3333333333333333,,8
"Hamilton, David",hamid002,BOS,53,141,44,133,0.3308270676691729,11,33,9,0.25,24,109,8,0.18045112781954886,0.9847933881437301,194
"Hampson, Garrett",hampg001,ARI+CIN+SLN,20,71,18,59,0.3050847457627119,2,16,2,0.1111111111111111,9,50,12,0.15254237288135594,-0.4504243777344731,91
"Handley, Maverick",handm001,BAL,14,33,12,30,0.4,0,12,2,0.0,3,27,3,0.1,-1.452510723607562,47
"Happ, Ian",happi001,CHN,170,493,149,425,0.35058823529411764,39,110,21,0.26174496644295303,99,326,68,0.23294117647058823,0.7035714347534239,663
"Harper, Bryce",harpb003,PHI,143,437,119,385,0.3090909090909091,27,92,24,0.226890756302521,104,281,52,0.2701298701298701,-0.94965248856696,580
"Harris, Brett",harrb002,ATH,23,61,19,55,0.34545454545454546,5,14,4,0.2631578947368421,15,40,6,0.2727272727272727,-0.08112308530106162,84
"Harris, Dustin",harrd003,TEX,8,35,8,32,0.25,1,7,0,0.125,7,25,3,0.21875,-0.61911780296965,43
"Harris, Michael",harrm004,ATL,175,466,165,453,0.36423841059602646,36,129,10,0.21818181818181817,116,337,13,0.2560706401766004,-0.9759893897143967,641
"Hassell, Robert",hassr002,WAS,56,150,53,144,0.3680555555555556,16,37,3,0.3018867924528302,28,116,6,0.19444444444444445,1.5714788675944094,206
"Hayes, Ke'Bryan",hayek001,CIN+PIT,155,415,142,386,0.36787564766839376,39,103,13,0.2746478873239437,85,301,29,0.22020725388601037,1.2939726817597552,570
"Hays, Austin",haysa001,CIN,134,282,123,263,0.467680608365019,36,87,11,0.2926829268292683,65,198,19,0.24714828897338403,0.942531262543383,416
"Hedges, Austin",hedga001,CLE,42,138,34,123,0.2764227642276423,3,31,8,0.08823529411764706,22,101,15,0.17886178861788618,-1.3516322493308357,180
"Heim, Jonah",heimj001,TEX,114,319,100,299,0.33444816053511706,18,82,14,0.18,66,233,20,0.22073578595317725,-0.8761375872206787,433
"Heineman, Tyler",heint001,TOR,49,125,39,112,0.3482142857142857,12,27,10,0.3076923076923077,31,81,13,0.2767857142857143,0.36649725179820697,174
"Helman, Michael",helmm001,TEX,22,88,18,81,0.2222222222222222,4,14,4,0.2222222222222222,19,62,7,0.2345679012345679,-0.11263836509398467,110
"Henderson, Gunnar",hendg002,BAL,143,508,119,463,0.2570194384449244,39,80,24,0.3277310924369748,119,344,45,0.2570194384449244,1.5250832177788018,651
"Hernaiz, Darell",hernd006,ATH,57,140,50,128,0.390625,8,42,7,0.16,32,96,12,0.25,-1.3258150357156462,197
"Hernandez, Enrique",herne001,LAN,74,182,67,170,0.3941176470588235,14,53,7,0.208955223880597,33,137,12,0.19411764705882353,0.2569554830891279,256
"Hernandez, Heriberto",hernh001,MIA,86,208,76,184,0.41304347826086957,23,53,10,0.3026315789473684,45,139,24,0.24456521739130435,0.9604192317699828,294
"Hernandez, Teoscar",hernt002,LAN,150,396,139,377,0.3687002652519894,38,101,11,0.2733812949640288,88,289,19,0.23342175066312998,0.9299773012701945,546
"Herrera, Ivan",herri001,SLN,115,337,96,296,0.32432432432432434,32,64,19,0.3333333333333333,78,218,41,0.2635135135135135,1.3080217809601848,452
"Herrera, Jose",herrj003,ARI,54,150,44,125,0.352,7,37,10,0.1590909090909091,24,101,25,0.192,-0.4909334305502636,204
"Heyward, Jason",heywj001,SDN,29,66,27,61,0.4426229508196721,5,22,2,0.18518518518518517,10,51,5,0.16393442622950818,0.24301478128756776,95
"Hicklen, Brewer",hickb003,DET,2,2,1,2,0.5,1,0,1,1.0,1,1,0,0.5,1.0229840113751023,4
"Hicks, Liam",hickl001,MIA,112,278,95,240,0.3958333333333333,28,67,17,0.29473684210526313,54,186,38,0.225,1.321903584050856,390
"Higashioka, Kyle",higak001,TEX,77,250,72,233,0.3090128755364807,24,48,5,0.3333333333333333,49,184,17,0.21030042918454936,2.0856062160836513,327
"Hill, Derek",hilld002,CHA+MIA,52,97,46,88,0.5227272727272727,9,37,6,0.1956521739130435,20,68,9,0.22727272727272727,-0.4245629084393476,149
"Hilliard, Sam",hills005,COL,10,51,7,44,0.1590909090909091,1,6,3,0.14285714285714285,9,35,7,0.20454545454545456,-0.39458036407463193,61
"Hinds, Rece",hindr001,CIN,10,34,9,34,0.2647058823529412,1,8,1,0.1111111111111111,4,30,0,0.11764705882352941,-0.05465414636551108,44
"Hiura, Keston",hiurk001,COL,5,16,4,14,0.2857142857142857,1,3,1,0.25,3,11,2,0.21428571428571427,0.15002170999779632,21
"Hoerner, Nico",hoern001,CHN,172,477,155,448,0.34598214285714285,56,99,17,0.36129032258064514,122,326,29,0.27232142857142855,2.0679038975371284,649
"Holliday, Jackson",hollj003,BAL,132,517,123,464,0.2650862068965517,27,96,9,0.21951219512195122,115,349,53,0.2478448275862069,-0.6576943445049751,649
"Horwitz, Spencer",horws001,PIT,99,312,88,277,0.3176895306859206,22,66,11,0.25,77,200,35,0.2779783393501805,-0.5172999330101202,411
"Hoskins, Rhys",hoskr001,MIL,94,234,79,206,0.38349514563106796,19,60,15,0.24050632911392406,47,159,28,0.22815533980582525,0.22065007744036721,328
"House, Brady",housb001,WAS,73,201,72,194,0.3711340206185567,17,55,1,0.2361111111111111,44,150,7,0.2268041237113402,0.1600831916729947,274
"Huff, Sam",huffs001,SFN,12,46,10,44,0.22727272727272727,0,10,2,0.0,11,33,2,0.25,-2.2600615813017084,58
"Hummel, Cooper",hummc001,BAL+HOU,31,74,27,61,0.4426229508196721,3,24,4,0.1111111111111111,12,49,13,0.19672131147540983,-1.01749649263211,105
"Hurtubise, Jacob",hurtj001,CIN,3,12,3,9,0.3333333333333333,0,3,0,0.0,1,8,3,0.1111111111111111,-0.7778726554991392,15
"Ibanez, Andy",ibana001,DET,54,139,47,130,0.36153846153846153,14,33,7,0.2978723404255319,28,102,9,0.2153846153846154,1.1210469676054435,193
"Iglesias, Jose",iglej001,SDN,98,245,89,219,0.4063926940639269,22,67,9,0.24719101123595505,48,171,26,0.2191780821917808,0.5286895142368249,343
"India, Jonathan",indij001,KCA,112,455,97,402,0.24129353233830847,27,70,15,0.27835051546391754,89,313,53,0.22139303482587064,1.1733474222138485,567
"Isbel, Kyle",isbek001,KCA,95,314,80,291,0.27491408934707906,20,60,15,0.25,74,217,23,0.2542955326460481,-0.0783170360088674,409
"Jackson, Alex",jacka002,BAL,18,82,17,74,0.22972972972972974,4,13,1,0.23529411764705882,16,58,8,0.21621621621621623,0.17022258936033896,100
"Jackson, Jeremiah",jackj002,BAL,40,143,37,133,0.2781954887218045,12,25,3,0.32432432432432434,35,98,10,0.2631578947368421,0.7273169419742606,183
"Jankowski, Travis",jankt001,CHA+NYN+TBA,10,40,8,38,0.21052631578947367,1,7,2,0.125,10,28,2,0.2631578947368421,-0.8816075552975123,50
"Jansen, Danny",jansd001,MIL+TBA,96,241,78,212,0.36792452830188677,14,64,18,0.1794871794871795,48,164,29,0.22641509433962265,-0.8761464650019113,337
"Jeffers, Ryan",jeffr002,MIN,119,345,104,303,0.3432343234323432,25,79,15,0.2403846153846154,83,220,42,0.2739273927392739,-0.6731694186465615,464
"Jensen, Carter",jensc001,KCA,17,52,16,44,0.36363636363636365,6,10,1,0.375,12,32,8,0.2727272727272727,0.7548921875468854,69
"Jimenez, Leo",jimel003,TOR,7,25,4,25,0.16,0,4,3,0.0,2,23,0,0.08,-0.7854362254903808,32
"Joe, Connor",joe-c001,CIN+SDN,25,55,22,50,0.44,3,19,3,0.13636363636363635,10,40,5,0.2,-0.6603514989653817,80
"Johnson, Bryce",johnb005,SDN,24,60,20,56,0.35714285714285715,7,13,4,0.35,19,37,4,0.3392857142857143,0.08659690448267159,84
"Johnson, Daniel",johnd006,BAL+SFN,11,46,10,43,0.23255813953488372,1,9,1,0.1,9,34,3,0.20930232558139536,-0.8448193152818034,57
"Johnston, Troy",johnt003,MIA,34,87,30,82,0.36585365853658536,8,22,4,0.26666666666666666,23,59,5,0.2804878048780488,-0.14513067311651764,121
"Jones, Greg",joneg003,CHA,0,2,0,2,0.0,0,0,0,,0,2,0,0.0,,2
"Jones, Jahmai",jonej007,DET,34,116,27,102,0.2647058823529412,11,16,7,0.4074074074074074,26,76,14,0.2549019607843137,1.5211688769715435,150
"Jones, Nolan",jonen002,CLE,102,301,83,275,0.3018181818181818,20,63,19,0.24096385542168675,55,220,26,0.2,0.7942605325940101,403
"Judge, Aaron",judga001,NYA,158,521,113,435,0.2597701149425287,36,77,45,0.3185840707964602,143,292,86,0.32873563218390806,-0.2053337266472303,679
"Julien, Edouard",julie001,MIN,54,154,46,137,0.3357664233576642,6,40,8,0.13043478260869565,34,103,17,0.24817518248175183,-1.742523001760446,208
"Julks, Corey",julkc001,CHA,3,10,3,10,0.3,0,3,0,0.0,3,7,0,0.3,-1.3520435129878452,13
"Jung, Jace",jungj002,DET,9,46,7,40,0.175,4,3,2,0.5714285714285714,1,39,6,0.025,3.597497199970069,55
"Jung, Josh",jungj001,TEX,124,387,118,364,0.3241758241758242,34,84,6,0.288135593220339,87,277,23,0.23901098901098902,1.0586736673035964,511
"Kaiser, Connor",kaisc001,ARI,7,12,6,12,0.5,1,5,1,0.16666666666666666,1,11,0,0.08333333333333333,0.5168726638212138,19
"Karros, Kyle",karrk001,COL,35,121,30,109,0.27522935779816515,6,24,5,0.2,25,84,12,0.22935779816513763,-0.34529897808120025,156
"Kavadas, Niko",kavan001,ANA,2,21,2,18,0.1111111111111111,0,2,0,0.0,2,16,3,0.1111111111111111,-0.6673555913520013,23
"Kayfus, C. J.",kayfc001,CLE,31,107,29,95,0.30526315789473685,6,23,2,0.20689655172413793,21,74,12,0.22105263157894736,-0.16236956278591044,138
"Keaschall, Luke",keasl001,MIN,67,140,61,122,0.5,18,43,6,0.29508196721311475,37,85,18,0.30327868852459017,-0.11410534537170332,207
"Keirsey, DaShawn",keird001,MIN,18,70,17,67,0.2537313432835821,2,15,1,0.11764705882352941,7,60,3,0.1044776119402985,0.15518503668174338,88
"Keith, Colt",keitc001,DET,102,366,91,327,0.2782874617737003,24,67,11,0.26373626373626374,82,245,39,0.25076452599388377,0.2507849004529988,468
"Kelenic, Jarred",kelej001,ATL,14,51,11,49,0.22448979591836735,0,11,3,0.0,10,39,2,0.20408163265306123,-2.116238669694059,65
"Kelly, Carson",kellc002,CHN,134,287,118,255,0.4627450980392157,28,90,16,0.23728813559322035,64,191,32,0.25098039215686274,-0.28596629191801715,421
"Kemp, Otto",kempo001,PHI,48,170,42,157,0.267515923566879,11,31,6,0.2619047619047619,35,122,13,0.2229299363057325,0.5265727878566472,218
"Kennedy, Buddy",kennb002,LAN+PHI+TOR,8,24,7,22,0.3181818181818182,1,6,1,0.14285714285714285,1,21,2,0.045454545454545456,0.8233010587398071,32
"Kepler, Max",keplm001,PHI,132,342,110,311,0.3536977491961415,17,93,22,0.15454545454545454,73,238,31,0.2347266881028939,-1.8090183667919753,474
"Kieboom, Carter",kiebc001,ANA,1,7,1,7,0.14285714285714285,1,0,0,1.0,1,6,0,0.14285714285714285,1.8043652229698979,8
"Kim, Ha-Seong",kim-h002,ATL+TBA,43,148,38,135,0.2814814814814815,10,28,5,0.2631578947368421,30,105,13,0.2222222222222222,0.523067686872765,191
"Kim, Hyeseong",kim-h003,LAN,36,134,34,127,0.2677165354330709,13,21,2,0.38235294117647056,32,95,7,0.25196850393700787,1.4717181578955678,170
"Kiner-Falefa, Isiah",kinei001,PIT+TOR,115,344,104,328,0.3170731707317073,29,75,11,0.27884615384615385,84,244,16,0.25609756097560976,0.45781528393989906,459
"Kingery, Scott",kings001,ANA,7,22,6,21,0.2857142857142857,0,6,1,0.0,4,17,1,0.19047619047619047,-1.483835619272049,29
"Kirk, Alejandro",kirka001,TOR,147,359,130,327,0.39755351681957185,39,91,17,0.3,88,239,32,0.2691131498470948,0.661917096942092,506
"Kjerstad, Heston",kjerh001,BAL,49,118,46,111,0.4144144144144144,8,38,3,0.17391304347826086,22,89,7,0.1981981981981982,-0.3547695265827774,167
"Knizner, Andrew",kniza001,SFN,21,67,17,61,0.2786885245901639,3,14,4,0.17647058823529413,14,47,6,0.22950819672131148,-0.47708014072514027,88
"Koss, Christian",kossc001,SFN,49,142,43,133,0.3233082706766917,16,27,6,0.37209302325581395,30,103,9,0.22556390977443608,1.8559005771563941,191
"Kreidler, Ryan",kreir001,DET,10,34,9,29,0.3103448275862069,0,9,1,0.0,4,25,5,0.13793103448275862,-1.5181125022543245,44
"Kurtz, Nick",kurtn001,ATH,115,374,97,326,0.29754601226993865,28,69,18,0.28865979381443296,94,232,48,0.2883435582822086,0.006035132595934801,489
"Kwan, Steven",kwans001,CLE,129,564,117,515,0.22718446601941747,37,80,12,0.3162393162393162,133,382,49,0.258252427184466,1.2603800952857724,693
"Langeliers, Shea",langs001,ATH,129,394,117,369,0.3170731707317073,28,89,12,0.23931623931623933,105,264,25,0.2845528455284553,-0.9655922852162324,523
"Langford, Wyatt",langw001,TEX,112,461,92,402,0.22885572139303484,23,69,20,0.25,95,307,59,0.236318407960199,0.27652186470162804,573
"Larnach, Trevor",larnt001,MIN,139,428,121,388,0.3118556701030928,26,95,18,0.21487603305785125,100,288,40,0.25773195876288657,-0.9642023332041278,567
"Laureano, Ramon",laurr001,BAL+SDN,137,351,125,320,0.390625,33,92,12,0.264,91,229,31,0.284375,-0.4323369317609066,488
"Lawlar, Jordan",lawlj001,ARI,13,61,12,55,0.21818181818181817,4,8,1,0.3333333333333333,8,47,6,0.14545454545454545,1.444420243862988,74
"LeMahieu, DJ",lemad001,NYA,41,101,38,90,0.4222222222222222,11,27,3,0.2894736842105263,23,67,11,0.25555555555555554,0.3949122953739588,142
"Lee, Brooks",lee-b002,MIN,136,391,123,369,0.3333333333333333,30,93,13,0.24390243902439024,85,284,22,0.23035230352303523,0.30651419333128277,527
"Lee, Jung Hoo",lee-j001,SFN,131,486,121,443,0.27313769751693,30,91,10,0.24793388429752067,119,324,43,0.2686230248306998,-0.45973809060370063,617
"Lee, Korey",lee-k002,CHA,8,32,7,28,0.25,1,6,1,0.14285714285714285,8,20,4,0.2857142857142857,-0.8115272751287009,40
"Leiter, Jack",leitj001,TEX,1,0,1,0,,0,1,0,0.0,0,0,0,,,1
"Leon, Sandy",leons001,ATL,6,6,6,6,1.0,1,5,0,0.16666666666666666,0,6,0,0.0,1.2154542718474446,12
"Lewis, Royce",lewir003,MIN,116,287,109,269,0.4052044609665427,29,80,7,0.26605504587155965,60,209,18,0.22304832713754646,0.885458226196183,403
"Lile, Daylen",liled001,WAS,94,257,89,235,0.37872340425531914,26,63,5,0.29213483146067415,70,165,22,0.2978723404255319,-0.10103952125937508,351
"Lindor, Francisco",lindf001,NYN,152,580,132,519,0.2543352601156069,32,100,20,0.24242424242424243,140,379,61,0.2697495183044316,-0.6401564519422663,732
"Lipscomb, Trey",lipst001,WAS,2,2,2,2,1.0,1,1,0,0.5,1,1,0,0.5,0.0,4
"Locklear, Tyler",lockt001,ARI,40,76,33,70,0.4714285714285714,2,31,7,0.06060606060606061,16,54,6,0.22857142857142856,-2.2592373237278065,116
"Lockridge, Brandon",lockb001,MIL+SDN,41,107,36,100,0.36,8,28,5,0.2222222222222222,23,77,7,0.23,-0.09557236779508362,148
"Loftin, Nick",loftn001,KCA,38,150,32,138,0.2318840579710145,9,23,6,0.28125,26,112,12,0.18840579710144928,1.1363726078598309,188
"Loperfido, Joey",lopej008,TOR,20,84,18,78,0.23076923076923078,7,11,2,0.3888888888888889,25,53,6,0.32051282051282054,0.549483605796671,104
"Lopez, Nicky",lopen001,ANA+CHN,8,20,7,17,0.4117647058823529,0,7,1,0.0,1,16,3,0.058823529411764705,-0.8410917534503318,28
"Lopez, Otto",lopeo001,MIA,161,433,146,401,0.3640897755610973,44,102,15,0.3013698630136986,90,311,32,0.22443890274314215,1.8243045710672996,594
"Lowe, Brandon",loweb001,TBA,135,418,118,395,0.29873417721518986,32,86,17,0.2711864406779661,98,297,23,0.2481012658227848,0.503270972361504,553
"Lowe, Josh",lowej002,TBA,104,331,95,303,0.31353135313531355,20,75,9,0.21052631578947367,67,236,28,0.22112211221122113,-0.21870890547574282,435
"Lowe, Nathaniel",lowen001,BOS+WAS,177,432,153,392,0.3903061224489796,41,112,24,0.2679738562091503,82,310,40,0.20918367346938777,1.4576800065207987,609
"Lugo, Matthew",lugom001,ANA,15,55,15,54,0.2777777777777778,5,10,0,0.3333333333333333,11,43,1,0.2037037037037037,1.0218216868164374,70
"Lukes, Nathan",luken001,TOR,118,320,105,286,0.36713286713286714,34,71,13,0.3238095238095238,65,221,34,0.22727272727272727,1.9140765674968334,438
"Lux, Gavin",lux-g001,CIN,130,373,116,331,0.3504531722054381,33,83,14,0.28448275862068967,87,244,42,0.2628398791540785,0.45085613420101944,503
"MacIver, Willie",maciw001,ATH,26,85,25,77,0.3246753246753247,5,20,1,0.2,14,63,8,0.18181818181818182,0.20163437111503454,111
"Machado, Manny",machm001,SDN,180,498,157,463,0.3390928725701944,45,112,23,0.28662420382165604,124,339,35,0.2678185745140389,0.4557238783720086,678
"Machin, Vimael",machv001,BAL,4,8,3,8,0.375,0,3,1,0.0,1,7,0,0.125,-0.8207749762147056,12
"Maile, Luke",maill001,KCA,13,41,9,36,0.25,3,6,4,0.3333333333333333,8,28,5,0.2222222222222222,0.6762477670261857,54
"Maldonado, Martin",maldm001,SDN,35,126,29,118,0.2457627118644068,4,25,6,0.13793103448275862,26,92,8,0.22033898305084745,-1.0228253242570307,161
"Malloy, Justyn-Henry",mallj001,DET,34,93,28,78,0.358974358974359,9,19,6,0.32142857142857145,14,64,15,0.1794871794871795,1.5192587307750787,127
"Mangum, Jake",mangj001,TBA,103,325,98,308,0.3181818181818182,34,64,5,0.3469387755102041,86,222,17,0.2792207792207792,1.266642119794928,428
"Manzardo, Kyle",manzk001,CLE,147,384,132,343,0.3848396501457726,29,103,15,0.2196969696969697,81,262,41,0.23615160349854228,-0.38227433472894684,531
"Marchan, Rafael",marcr001,PHI,32,86,29,77,0.37662337662337664,5,24,3,0.1724137931034483,17,60,9,0.22077922077922077,-0.5553096786826766,118
"Margot, Manuel",margm001,DET,5,15,5,15,0.3333333333333333,2,3,0,0.4,4,11,0,0.26666666666666666,0.5540760503397992,20
"Marsee, Jakob",marsj002,MIA,55,179,48,162,0.2962962962962963,17,31,7,0.3541666666666667,44,118,17,0.2716049382716049,1.0921365174236977,234
"Marsh, Brandon",marsb002,PHI,107,318,92,291,0.3161512027491409,20,72,15,0.21739130434782608,86,205,27,0.29553264604810997,-1.485871510199079,425
"Marte, Ketel",martk001,ARI,138,418,124,359,0.34540389972144847,30,94,14,0.24193548387096775,106,253,59,0.29526462395543174,-1.1500822730565352,556
"Marte, Noelvi",martn004,CIN,98,262,89,252,0.3531746031746032,25,64,9,0.2808988764044944,64,188,10,0.25396825396825395,0.4947931676457523,360
"Marte, Starling",marts002,NYN,79,250,63,234,0.2692307692307692,15,48,16,0.23809523809523808,64,170,16,0.27350427350427353,-0.56950084950317,329
"Martin, Austin",marta007,MIN,43,138,34,122,0.2786885245901639,5,29,9,0.14705882352941177,39,83,16,0.319672131147541,-2.076505543945887,181
"Martinez, Angel",marta008,CLE,103,381,92,358,0.2569832402234637,22,70,11,0.2391304347826087,78,280,23,0.21787709497206703,0.4345334106792278,484
"Martini, Nick",martn003,COL,18,93,15,87,0.1724137931034483,2,13,3,0.13333333333333333,21,66,6,0.2413793103448276,-0.9721527434558913,111
"Massey, Michael",massm001,KCA,72,205,69,197,0.350253807106599,14,55,3,0.2028985507246377,50,147,8,0.25380710659898476,-0.8623350596560793,277
"Mastrobuoni, Miles",mastm001,SEA,50,125,41,112,0.36607142857142855,9,32,9,0.21951219512195122,29,83,13,0.25892857142857145,-0.5042309472485886,175
"Mateo, Jorge",matej003,BAL,20,63,20,59,0.3389830508474576,2,18,0,0.1,12,47,4,0.2033898305084746,-1.0989573300424493,83
"Maton, Nick",maton001,CHA,10,53,9,45,0.2,2,7,1,0.2222222222222222,7,38,8,0.15555555555555556,0.4749369654744106,63
"Matos, Luis",matol002,SFN,42,142,39,134,0.291044776119403,7,32,3,0.1794871794871795,31,103,8,0.23134328358208955,-0.7003547051562329,184
"Matthews, Brice",mattb001,HOU,12,35,10,32,0.3125,1,9,2,0.1,6,26,3,0.1875,-0.6786146959887155,47
"Mauricio, Ronny",maurr002,NYN,39,145,35,133,0.2631578947368421,4,31,4,0.11428571428571428,34,99,12,0.2556390977443609,-1.8849315579560866,184
"Mayer, Marcelo",mayem002,BOS,38,98,34,94,0.3617021276595745,4,30,4,0.11764705882352941,25,69,4,0.26595744680851063,-1.861077919760019,136
"Mayo, Coby",mayoc001,BAL,69,225,60,203,0.2955665024630542,13,47,9,0.21666666666666667,44,159,22,0.21674876847290642,-0.0013561070679282304,294
"McCann, James",mccaj001,ARI,33,104,29,95,0.30526315789473685,8,21,4,0.27586206896551724,24,71,9,0.25263157894736843,0.24899441430337613,137
"McCarthy, Jake",mccaj003,ARI,53,169,49,158,0.310126582278481,7,42,4,0.14285714285714285,35,123,11,0.22151898734177214,-1.2327255111971709,222
"McCormick, Chas",mccoc001,HOU,26,90,21,80,0.2625,3,18,5,0.14285714285714285,18,62,10,0.225,-0.8538387339823765,116
"McCoy, Mason",mccom002,SDN,8,18,7,15,0.4666666666666667,1,6,1,0.14285714285714285,2,13,3,0.13333333333333333,0.060419653823995445,26
"McCray, Grant",mccrg001,SFN,9,17,6,17,0.35294117647058826,1,5,3,0.16666666666666666,1,16,0,0.058823529411764705,0.759640529121065,26
"McCusker, Carson",mccuc001,MIN,6,24,6,23,0.2608695652173913,0,6,0,0.0,5,18,1,0.21739130434782608,-1.6053733628147528,30
"McCutchen, Andrew",mccua001,PIT,129,422,107,373,0.2868632707774799,22,85,22,0.205607476635514,92,281,49,0.24664879356568364,-0.8899133253795658,551
"McGuire, Reese",mcgur002,CHN,40,100,39,96,0.40625,7,32,1,0.1794871794871795,23,73,4,0.23958333333333334,-0.7730878294169522,140
"McKinney, Billy",mckib001,TEX,4,17,4,16,0.25,1,3,0,0.25,3,13,1,0.1875,0.2737402033181499,21
"McKinstry, Zach",mckiz001,DET,130,381,110,347,0.3170028818443804,22,88,20,0.2,95,252,34,0.2737752161383285,-1.5741148649402665,511
"McLain, Matt",mclam001,CIN,138,439,115,399,0.2882205513784461,20,95,23,0.17391304347826086,92,307,40,0.23057644110275688,-1.3221973408995853,577
"McMahon, Ryan",mcmar001,COL+NYA,154,432,128,384,0.3333333333333333,23,105,26,0.1796875,86,298,48,0.22395833333333334,-1.0744027239937164,586
"McNeil, Jeff",mcnej002,NYN,118,344,101,302,0.3344370860927152,27,74,17,0.26732673267326734,70,232,42,0.23178807947019867,0.7175602460326908,462
"Mead, Curtis",meadc001,CHA+TBA,59,205,54,187,0.2887700534759358,13,41,5,0.24074074074074073,43,144,18,0.22994652406417113,0.16495623634631304,264
"Meadows, Parker",meadp001,DET,42,171,36,156,0.23076923076923078,7,29,6,0.19444444444444445,34,122,15,0.21794871794871795,-0.3129147726070167,213
"Meidroth, Chase",meidc001,CHA,110,395,92,359,0.2562674094707521,21,71,18,0.22826086956521738,93,266,36,0.2590529247910863,-0.6114349932670244,505
"Melendez, MJ",melem001,KCA,11,54,10,50,0.2,0,10,1,0.0,5,45,4,0.1,-1.382758340272973,65
"Melton, Jacob",meltj001,HOU,22,56,19,51,0.37254901960784315,6,13,3,0.3157894736842105,5,46,5,0.09803921568627451,2.1143576528912025,78
"Merrill, Jackson",merrj002,SDN,134,349,115,330,0.3484848484848485,32,83,19,0.2782608695652174,84,246,19,0.2545454545454545,0.49661038851883715,483
"Mervis, Matt",mervm001,MIA,29,105,24,97,0.24742268041237114,3,21,5,0.125,18,79,8,0.18556701030927836,-0.7242781623764342,134
"Mesa, Victor",mesav001,MIA,18,20,14,18,0.7777777777777778,3,11,4,0.21428571428571427,3,15,2,0.16666666666666666,0.3413578129871587,38
"Meyers, Jake",meyej002,HOU,85,296,73,272,0.26838235294117646,15,58,12,0.2054794520547945,85,187,24,0.3125,-1.8357332262167598,381
"Millas, Drew",milld003,WAS,14,41,12,37,0.32432432432432434,6,6,2,0.5,9,28,4,0.24324324324324326,1.6353606943510066,55
"Miller, Owen",millo002,COL,2,15,2,12,0.16666666666666666,0,2,0,0.0,2,10,3,0.16666666666666666,-0.8184057057988657,17
"Miranda, Jose",miraj002,MIN,16,20,16,20,0.8,2,14,0,0.125,4,16,0,0.2,-0.6063538048371155,36
"Misner, Kameron",misnk001,TBA,63,154,53,146,0.363013698630137,13,40,10,0.24528301886792453,29,117,8,0.19863013698630136,0.7047776633963706,217
"Mitchell, Garrett",mitcg001,MIL,14,64,11,58,0.1896551724137931,2,9,3,0.18181818181818182,12,46,6,0.20689655172413793,-0.19171851990466587,78
"Monasterio, Andruw",monaa001,MIL,37,98,34,92,0.3695652173913043,10,24,3,0.29411764705882354,24,68,6,0.2608695652173913,0.37112036748451477,135
"Moncada, Yoan",moncy001,ANA,64,225,53,197,0.26903553299492383,14,39,11,0.2641509433962264,44,153,28,0.2233502538071066,0.6178513154553875,289
"Moniak, Mickey",monim001,COL,105,356,96,341,0.28152492668621704,31,65,9,0.3229166666666667,86,255,15,0.25219941348973607,1.3632560084540817,461
"Montes, Coco",montc002,TBA,2,8,2,8,0.25,1,1,0,0.5,1,7,0,0.125,1.0986979423030643,10
"Montgomery, Colson",montc004,CHA,83,201,76,180,0.4222222222222222,16,60,7,0.21052631578947367,45,135,21,0.25,-0.682992750007299,284
"Moore, Christian",moorc002,ANA,36,148,32,131,0.24427480916030533,7,25,4,0.21875,25,106,17,0.19083969465648856,0.3526826797403304,184
"Moore, Dylan",moord002,SEA+TEX,57,186,52,170,0.3058823529411765,6,46,5,0.11538461538461539,38,132,16,0.2235294117647059,-1.7935128498803543,243
"Morel, Christopher",morec001,TBA,75,230,63,215,0.2930232558139535,16,47,12,0.25396825396825395,45,170,15,0.20930232558139536,0.7441472131903315,305
"Moreno, Gabriel",moreg001,ARI,82,227,72,207,0.34782608695652173,19,53,10,0.2638888888888889,60,147,20,0.2898550724637681,-0.423222661956337,309
"Mountcastle, Ryan",mounr001,BAL,92,265,85,253,0.3359683794466403,17,68,7,0.2,66,187,12,0.2608695652173913,-1.1457014336093394,357
"Mullins, Cedric",mullc002,BAL+NYN,119,379,100,341,0.2932551319648094,21,79,19,0.21,73,268,38,0.21407624633431085,-0.08763632190928866,498
"Muncy, Max",muncm001,LAN,109,279,89,229,0.388646288209607,25,64,20,0.2808988764044944,51,178,50,0.22270742358078602,1.0804560055748842,388
"Muncy, Max",muncm002,ATH,46,174,41,166,0.2469879518072289,9,32,5,0.21951219512195122,35,131,8,0.21084337349397592,0.12114088542220476,220
"Murphy, Sean",murps001,ATL,83,254,67,227,0.29515418502202645,17,50,16,0.2537313432835821,41,186,27,0.18061674008810572,1.292675286572754,337
"Myers, Dane",myerd001,MIA,87,246,82,226,0.36283185840707965,22,60,5,0.2682926829268293,50,176,20,0.22123893805309736,0.8538379176244135,333
"Narvaez, Carlos",narvc002,BOS,133,313,120,285,0.42105263157894735,28,92,13,0.23333333333333334,69,216,28,0.24210526315789474,-0.18920278780350222,446
"Narvaez, Omar",narvo001,CHA,5,5,4,4,1.0,1,3,1,0.25,1,3,1,0.25,0.0,10
"Navarreto, Brian",navab001,MIA,7,8,7,8,0.875,3,4,0,0.42857142857142855,1,7,0,0.125,1.3447747382492843,15
"Naylor, Bo",naylb001,CLE,103,311,83,282,0.29432624113475175,19,64,20,0.2289156626506024,51,231,29,0.18085106382978725,0.9623189501387294,414
"Naylor, Josh",naylj001,ARI+SEA,171,433,153,395,0.38734177215189874,39,114,18,0.2549019607843137,121,274,38,0.30632911392405066,-1.1978150198172683,604
"Nelson, Ryne",nelsr003,ARI,1,0,1,0,,1,0,0,1.0,0,0,0,,,1
"Neto, Zach",netoz001,ANA,107,447,90,415,0.21686746987951808,25,65,17,0.2777777777777778,104,311,32,0.25060240963855424,0.5320711319044407,554
"Newman, Kevin",newmk001,ANA,36,80,34,80,0.425,7,27,2,0.20588235294117646,16,64,0,0.2,0.07149493783826052,116
"Nido, Tomas",nidot001,DET,9,28,8,27,0.2962962962962963,2,6,1,0.25,10,17,1,0.37037037037037035,-0.6420850849097959,37
"Nimmo, Brandon",nimmb001,NYN,182,470,165,429,0.38461538461538464,49,116,17,0.296969696969697,105,324,41,0.24475524475524477,1.2892682681240826,652
"Noda, Ryan",nodar001,BAL+CHA,12,47,7,40,0.175,1,6,5,0.14285714285714285,4,36,7,0.1,0.32707976587979204,59
"Noel, Jhonkensy",noelj001,CLE,32,121,30,119,0.25210084033613445,5,25,2,0.16666666666666666,19,100,2,0.15966386554621848,0.09292740656498365,153
"Nola, Austin",nolaa002,COL,5,36,4,34,0.11764705882352941,1,3,1,0.25,6,28,2,0.17647058823529413,0.34636504449858607,41
"Nootbaar, Lars",nootl001,SLN,151,432,135,377,0.35809018567639256,26,109,16,0.1925925925925926,93,284,55,0.246684350132626,-1.2951214389537213,583
"Norby, Connor",norbc001,MIA,77,260,70,244,0.28688524590163933,15,55,7,0.21428571428571427,63,181,16,0.2581967213114754,-0.7584429028781164,337
"Nunez, Dom",nuned001,CLE,3,4,3,4,0.75,1,2,0,0.3333333333333333,1,3,0,0.25,0.24084865263118768,7
"Nunez, Nasim",nunen001,WAS,27,65,25,58,0.43103448275862066,6,19,2,0.24,13,45,7,0.22413793103448276,0.15731103415831205,92
"O'Hearn, Ryan",ohear001,BAL+SDN,151,393,124,354,0.3502824858757062,35,89,27,0.28225806451612906,98,256,39,0.2768361581920904,0.11583239613159303,544
"O'Hoppe, Logan",ohopl001,ANA,105,346,94,330,0.28484848484848485,18,76,11,0.19148936170212766,72,258,16,0.21818181818181817,-0.5633764494186455,451
"O'Neill, Tyler",oneit001,BAL,61,148,52,132,0.3939393939393939,10,42,9,0.19230769230769232,26,106,16,0.19696969696969696,-0.07187229214025861,209
"Ogasawara, Shinnosuke",ogass001,WAS,0,1,0,1,0.0,0,0,0,,0,1,0,0.0,,1
"Ohtani, Shohei",ohtas001,LAN,135,592,95,518,0.1833976833976834,23,72,40,0.24210526315789474,149,369,74,0.2876447876447876,-0.9194283276203373,727
"Olson, Matt",olsom001,ATL,176,548,149,480,0.3104166666666667,41,108,27,0.2751677852348993,129,351,68,0.26875,0.15389706239097387,724
"Ornelas, Jonathan",ornej001,ATL+TEX,4,6,3,6,0.5,1,2,1,0.3333333333333333,1,5,0,0.16666666666666666,0.5557805923862836,10
"Ornelas, Tirso",ornet001,SDN,4,12,4,10,0.4,0,4,0,0.0,1,9,2,0.1,-0.8386074572756439,16
"Ortiz, Joey",ortij005,MIL,156,350,144,326,0.44171779141104295,38,106,12,0.2638888888888889,70,256,24,0.2147239263803681,1.1577898011282335,506
"Osuna, Alejandro",osuna003,TEX,42,134,38,115,0.33043478260869563,7,31,4,0.18421052631578946,25,90,19,0.21739130434782608,-0.44060996067928326,176
"Outman, James",outmj002,LAN+MIN,37,111,31,103,0.30097087378640774,3,28,6,0.0967741935483871,15,88,8,0.14563106796116504,-0.7220056755818444,148
"Ozuna, Marcell",ozunm001,ATL,156,436,125,369,0.33875338753387535,25,100,31,0.2,88,281,67,0.23848238482384823,-0.8946476588052901,592
"Pages, Andy",pagea001,LAN,159,465,147,440,0.3340909090909091,45,102,12,0.30612244897959184,113,327,25,0.25681818181818183,1.1566365854318394,624
"Pages, Pedro",pagep001,SLN,113,276,103,261,0.3946360153256705,24,79,10,0.23300970873786409,59,202,15,0.2260536398467433,0.14226404833370612,389
"Palacios, Joshua",palaj001,CHA,39,106,33,95,0.3473684210526316,4,29,6,0.12121212121212122,22,73,11,0.23157894736842105,-1.4158476609539519,145
"Palacios, Richie",palar002,TBA,8,40,7,36,0.19444444444444445,0,7,1,0.0,14,22,4,0.3888888888888889,-2.480434677502485,48
"Paredes, Isaac",parei001,HOU,102,336,89,291,0.30584192439862545,20,69,13,0.2247191011235955,76,215,45,0.2611683848797251,-0.6988026323702393,438
"Paris, Kyren",parik002,ANA,16,124,12,114,0.10526315789473684,2,10,4,0.16666666666666666,22,92,10,0.19298245614035087,-0.2241732881786211,140
"Pasquantino, Vinnie",pasqv001,KCA,217,465,203,423,0.4799054373522459,49,154,14,0.2413793103448276,115,308,42,0.2718676122931442,-0.8158875908183337,682
"Pauley, Graham",paulg001,MIA,40,144,34,128,0.265625,5,29,6,0.14705882352941177,31,97,16,0.2421875,-1.2293164883995147,184
"Pederson, Joc",pedej001,TEX,84,222,71,195,0.3641025641025641,12,59,13,0.16901408450704225,36,159,27,0.18461538461538463,-0.2942776233355038,306
"Peguero, Liover",pegul001,PIT,21,67,20,60,0.3333333333333333,2,18,1,0.1,14,46,7,0.23333333333333334,-1.3668705388675328,88
"Pena, Jeremy",penaj004,HOU,99,444,86,409,0.21026894865525672,31,55,13,0.36046511627906974,119,290,35,0.29095354523227385,1.2591267238723451,543
"Peraza, Oswald",perao002,ANA+NYA,62,203,53,192,0.2760416666666667,15,38,9,0.2830188679245283,25,167,11,0.13020833333333334,2.5287721247156214,265
"Perdomo, Geraldo",perdg001,ARI,200,520,165,443,0.3724604966139955,51,114,35,0.3090909090909091,122,321,77,0.27539503386004516,0.8146728278895482,720
"Pereda, Jhonny",perej004,ATH+MIN,17,61,13,56,0.23214285714285715,2,11,4,0.15384615384615385,15,41,5,0.26785714285714285,-0.8948322604426001,78
"Pereira, Everson",peree005,TBA,21,52,19,47,0.40425531914893614,3,16,2,0.15789473684210525,6,41,5,0.1276595744680851,0.320186191767891,73
"Perez, Salvador",peres002,KCA,183,458,162,436,0.37155963302752293,45,117,21,0.2777777777777778,96,340,22,0.22018348623853212,1.4575946295618862,641
"Perez, Wenceel",perew002,DET,96,287,87,262,0.3320610687022901,17,70,9,0.19540229885057472,67,195,25,0.25572519083969464,-1.1588207476912353,383
"Perkins, Blake",perkb002,MIL,50,121,46,109,0.42201834862385323,12,34,4,0.2608695652173913,23,86,12,0.21100917431192662,0.6717894217845041,171
"Peters, Tristan",petet002,TBA,5,7,5,7,0.7142857142857143,0,5,0,0.0,0,7,0,0.0,0.0,12
"Pham, Tommy",phamt001,PIT,118,331,101,296,0.34121621621621623,27,74,17,0.26732673267326734,69,227,35,0.23310810810810811,0.6883774347207956,449
"Pillar, Kevin",pillk001,TEX,4,39,4,39,0.10256410256410256,1,3,0,0.25,8,31,0,0.20512820512820512,0.20599435329399232,43
"Polanco, Jorge",polaj001,SEA,127,397,109,367,0.2970027247956403,35,74,18,0.3211009174311927,90,277,30,0.2452316076294278,1.5573812691181441,524
"Porter, Logan",portl001,SFN,5,4,4,3,1.3333333333333333,1,3,1,0.25,0,3,1,0.0,1.1148754634878542,9
"Pozo, Yohel",pozoy001,SLN,42,126,42,119,0.35294117647058826,10,32,0,0.23809523809523808,27,92,7,0.226890756302521,0.14798987549497958,168
"Prieto, Cesar",priec002,SLN,2,4,2,4,0.5,0,2,0,0.0,1,3,0,0.25,-0.9529183330407641,6
"Profar, Jurickson",profj001,ATL,78,293,65,253,0.25691699604743085,20,45,13,0.3076923076923077,58,195,40,0.22924901185770752,1.286905195667694,371
"Quero, Edgar",quere001,CHA,100,303,90,277,0.3249097472924188,22,68,10,0.24444444444444444,76,201,26,0.2743682310469314,-0.5610400650460965,403
"Rafaela, Ceddanne",rafac001,BOS,169,418,151,397,0.380352644836272,36,115,18,0.23841059602649006,100,297,21,0.2518891687657431,-0.32727490872672577,587
"Raleigh, Cal",ralec001,SEA,179,526,134,465,0.28817204301075267,31,103,45,0.23134328358208955,116,349,61,0.24946236559139784,-0.4314790438620004,705
"Raley, Luke",ralel001,SEA,63,156,49,135,0.362962962962963,10,39,14,0.20408163265306123,27,108,21,0.2,0.06098720625546018,219
"Ramirez, Agustin",ramia004,MIA,146,439,130,411,0.31630170316301703,37,93,16,0.2846153846153846,87,324,28,0.2116788321167883,1.695460164318971,585
"Ramirez, Jose",ramij003,CLE,143,530,111,487,0.22792607802874743,34,77,32,0.3063063063063063,134,353,43,0.2751540041067762,0.6545760623908358,673
"Ramos, Bryan",ramob001,CHA,4,8,4,8,0.5,1,3,0,0.25,1,7,0,0.125,0.5352245096572626,12
"Ramos, Heliot",ramoh002,SFN,146,549,131,495,0.26464646464646463,32,99,15,0.24427480916030533,127,368,54,0.25656565656565655,-0.2882855970755161,695
"Rave, John",ravej001,KCA,42,133,35,119,0.29411764705882354,8,27,7,0.22857142857142856,22,97,14,0.18487394957983194,0.5657101000951348,175
"Rea, Colin",rea-c001,CHN,1,0,1,0,,0,1,0,0.0,0,0,0,,,1
"Realmuto, J. T.",realj001,PHI,132,418,115,390,0.2948717948717949,24,91,17,0.20869565217391303,105,285,28,0.2692307692307692,-1.3289287800904965,550
"Refsnyder, Rob",refsr001,BOS,61,148,49,135,0.362962962962963,8,41,12,0.16326530612244897,41,94,13,0.3037037037037037,-1.9716750966669332,209
"Renfroe, Hunter",renfh001,KCA,28,80,23,77,0.2987012987012987,2,21,5,0.08695652173913043,16,61,3,0.2077922077922078,-1.4113504565667383,108
"Rengifo, Luis",rengl001,ANA,114,427,104,400,0.26,26,78,10,0.25,93,307,27,0.2325,0.3725512471441352,541
"Reyes, Pablo",reyep001,NYA,8,26,8,23,0.34782608695652173,1,7,0,0.125,5,18,3,0.21739130434782608,-0.5907687362170009,34
"Reynolds, Bryan",reynb001,PIT,161,493,138,452,0.3053097345132743,39,99,23,0.2826086956521739,105,347,41,0.2323008849557522,1.1906972458074496,654
"Rice, Ben",riceb001,NYA,120,410,101,368,0.27445652173913043,23,78,19,0.22772277227722773,96,272,42,0.2608695652173913,-0.6840307979478814,530
"Riley, Austin",rilea001,ATL,110,337,104,313,0.33226837060702874,32,72,6,0.3076923076923077,76,237,24,0.24281150159744408,1.2927273641760906,447
"Ritter, Ryan",rittr002,COL,59,148,51,137,0.3722627737226277,8,43,8,0.1568627450980392,37,100,11,0.27007299270072993,-1.668603855151313,207
"Rivas, Leo",rival002,SEA,34,77,28,62,0.45161290322580644,7,21,6,0.25,15,47,15,0.24193548387096775,0.08230162391169137,111
"Rivera, Emmanuel",rivee001,BAL,36,91,34,86,0.3953488372093023,8,26,2,0.23529411764705882,22,64,5,0.2558139534883721,-0.2348858037643663,127
"Rivero, Sebastian",rives002,ANA,10,24,10,23,0.43478260869565216,3,7,0,0.3,3,20,1,0.13043478260869565,1.1243395226295345,34
"Robert, Luis",robel002,CHA,115,316,95,290,0.3275862068965517,25,70,20,0.2631578947368421,60,230,26,0.20689655172413793,1.131626693462757,431
"Robertson, Will",robew002,CHA+TOR,17,58,17,54,0.3148148148148148,6,11,0,0.35294117647058826,3,51,4,0.05555555555555555,2.956180572556625,75
"Robinson, Chuckie",robic003,LAN,2,0,1,0,,0,1,1,0.0,0,0,0,,,2
"Robles, Victor",roblv001,SEA,23,91,20,88,0.22727272727272727,4,16,3,0.2,22,66,3,0.25,-0.4798813769454864,114
"Rocchio, Brayan",roccb001,CLE,101,282,86,263,0.3269961977186312,22,64,15,0.2558139534883721,58,205,19,0.22053231939163498,0.6699592006324546,383
"Roden, Alan",rodea001,MIN+TOR,40,113,36,103,0.34951456310679613,3,33,4,0.08333333333333333,23,80,10,0.22330097087378642,-1.9808380876385765,153
"Rodgers, Brendan",rodgb002,HOU,37,91,29,87,0.3333333333333333,4,25,8,0.13793103448275862,18,69,4,0.20689655172413793,-0.8430264456645523,128
"Rodriguez, Endy",rodre006,PIT,9,48,9,43,0.20930232558139536,1,8,0,0.1111111111111111,8,35,5,0.18604651162790697,-0.5650979446835053,57
"Rodriguez, Johnathan",rodrj009,CLE,20,57,19,52,0.36538461538461536,5,14,1,0.2631578947368421,9,43,5,0.17307692307692307,0.8260154550456041,77
"Rodriguez, Julio",rodrj007,SEA,163,547,144,510,0.2823529411764706,35,109,19,0.24305555555555555,139,371,37,0.2725490196078431,-0.7121992825993292,710
"Rogers, Jake",rogej004,DET,32,110,28,97,0.28865979381443296,8,20,4,0.2857142857142857,15,82,13,0.15463917525773196,1.5158107655034696,142
"Rogers, Trevor",roget003,BAL,0,2,0,2,0.0,0,0,0,,0,2,0,0.0,,2
"Rojas, Johan",rojaj003,PHI,53,119,47,108,0.4351851851851852,13,34,6,0.2765957446808511,21,87,11,0.19444444444444445,1.1193269921070572,172
"Rojas, Josh",rojaj001,CHA,53,158,47,144,0.3263888888888889,4,43,6,0.0851063829787234,30,114,14,0.20833333333333334,-2.0428656574016255,211
"Rojas, Miguel",rojam002,LAN,74,243,66,224,0.29464285714285715,16,50,8,0.24242424242424243,60,164,19,0.26785714285714285,-0.4153931207392247,317
"Romo, Drew",romod001,COL,0,3,0,3,0.0,0,0,0,,0,3,0,0.0,,3
"Rooker, Brent",rookb001,ATH,167,532,141,487,0.28952772073921973,33,108,26,0.23404255319148937,131,356,45,0.26899383983572894,-0.839091463212474,699
"Rortvedt, Ben",rortb001,LAN+TBA,39,89,31,81,0.38271604938271603,6,25,8,0.1935483870967742,11,70,8,0.13580246913580246,0.7468929613365327,128
"Rosario, Amed",rosaa003,NYA+WAS,41,150,40,142,0.28169014084507044,12,28,1,0.3,38,104,8,0.2676056338028169,0.4028059431019812,191
"Rosario, Eddie",rosae001,ATL+LAN,3,5,3,5,0.6,0,3,0,0.0,1,4,0,0.2,-1.0120762544003836,8
"Ruiz, Esteury",ruize001,LAN,6,17,5,16,0.3125,1,4,1,0.2,3,13,1,0.1875,0.06186660219398812,23
"Ruiz, Keibert",ruizk001,WAS,72,195,67,189,0.3544973544973545,20,47,5,0.29850746268656714,43,146,6,0.2275132275132275,1.1435862151007794,267
"Rushing, Dalton",rushd001,LAN,48,107,45,99,0.45454545454545453,11,34,3,0.24444444444444444,18,81,8,0.18181818181818182,0.8577215316218271,155
"Rutschman, Adley",rutsa001,BAL,72,293,62,262,0.2366412213740458,8,54,10,0.12903225806451613,63,199,31,0.24045801526717558,-2.0001570294682764,365
"Sabol, Blake",sabob001,BOS,7,11,7,10,0.7,0,7,0,0.0,2,8,1,0.2,-1.5189175329297857,18
"Saggese, Thomas",saggt001,SLN,80,215,75,202,0.3712871287128713,19,56,5,0.25333333333333335,52,150,13,0.25742574257425743,-0.06937649518875774,295
"Salazar, Cesar",salac001,HOU,6,10,5,8,0.625,1,4,1,0.2,2,6,2,0.25,-0.20957374078727947,16
"Sanchez, Ali",sanca009,BOS+TOR,4,19,4,19,0.21052631578947367,0,4,0,0.0,5,14,0,0.2631578947368421,-1.4779291828032424,23
"Sanchez, Gary",sancg002,BAL,30,71,25,67,0.373134328358209,10,15,5,0.4,11,56,4,0.16417910447761194,2.313504758547398,101
"Sanchez, Jesus",sancj003,HOU+MIA,128,369,113,340,0.3323529411764706,27,86,15,0.23893805309734514,80,260,29,0.23529411764705882,0.07893772633154648,497
"Sanoja, Javier",sanoj001,MIA,92,250,83,234,0.3547008547008547,21,62,9,0.25301204819277107,55,179,16,0.23504273504273504,0.3281571073061499,342
"Santana, Carlos",santc002,CHN+CLE,118,356,103,316,0.3259493670886076,24,79,15,0.23300970873786409,67,249,40,0.2120253164556962,0.44600563982711294,474
"Santander, Anthony",santa003,TOR,61,160,53,142,0.3732394366197183,8,45,8,0.1509433962264151,26,116,18,0.18309859154929578,-0.532834407374451,221
"Schanuel, Nolan",schan001,ANA,126,438,105,387,0.2713178294573643,31,74,21,0.29523809523809524,98,289,51,0.2532299741602067,0.8600611079575677,564
"Schmitt, Casey",schmc003,SFN,87,261,73,242,0.30165289256198347,18,55,14,0.2465753424657534,56,186,19,0.23140495867768596,0.2669353843460736,348
"Schneemann, Daniel",schnd002,CLE,94,328,82,298,0.2751677852348993,16,66,12,0.1951219512195122,62,236,30,0.2080536912751678,-0.257920293525337,422
"Schneider, Davis",schnd001,TOR,58,169,45,144,0.3125,10,35,13,0.2222222222222222,34,110,25,0.2361111111111111,-0.193149064001613,227
"Schuemann, Max",schum002,ATH,50,163,44,140,0.3142857142857143,6,38,6,0.13636363636363635,30,110,23,0.21428571428571427,-1.1725106505611775,213
"Schunk, Aaron",schua002,COL,8,25,7,25,0.28,0,7,1,0.0,6,19,0,0.24,-1.8250939063456797,33
"Schwarber, Kyle",schwk001,PHI,202,522,166,439,0.37813211845102507,42,124,36,0.25301204819277107,103,336,83,0.23462414578587698,0.470951646052543,724
"Scott, Victor",scotv001,SLN,113,350,93,308,0.30194805194805197,24,69,20,0.25806451612903225,62,246,42,0.2012987012987013,1.150937079655481,463
"Seager, Corey",seagc001,TEX,88,357,68,314,0.21656050955414013,16,52,20,0.23529411764705882,87,227,43,0.2770700636942675,-0.7118023012456296,445
"Seigler, Anthony",seiga001,MIL,19,54,15,48,0.3125,3,12,4,0.2,9,39,6,0.1875,0.10715609829163954,73
"Semien, Marcus",semim001,TEX,139,395,126,353,0.35694050991501414,31,95,13,0.24603174603174602,77,276,42,0.21813031161473087,0.6391689783964546,534
"Senger, Hayden",sengh001,NYN,21,57,21,52,0.40384615384615385,5,16,0,0.23809523809523808,8,44,5,0.15384615384615385,0.8335041798690811,78
"Seymour, Bob",seymb001,TBA,19,64,19,59,0.3220338983050847,7,12,0,0.3684210526315789,9,50,5,0.15254237288135594,1.9374775182347956,83
"Shaw, Matt",shawm002,CHN,106,331,90,307,0.2931596091205212,15,75,16,0.16666666666666666,74,233,24,0.24104234527687296,-1.5253475941391614,437
"Sheets, Gavin",sheeg001,SDN,145,400,128,368,0.34782608695652173,33,95,17,0.2578125,91,277,32,0.24728260869565216,0.2364539719383529,545
"Short, Zack",shorz001,HOU,14,42,12,38,0.3157894736842105,3,9,2,0.25,8,30,4,0.21052631578947367,0.28480186040124483,56
"Siani, Michael",sianm001,SLN,4,15,2,15,0.13333333333333333,0,2,2,0.0,4,11,0,0.26666666666666666,-1.0736667883516027,19
"Simon, Ronny",simor002,MIA+PIT,30,58,25,54,0.46296296296296297,6,19,5,0.24,12,42,4,0.2222222222222222,0.17464270327774362,88
"Simpson, Chandler",simpc001,TBA,89,352,77,339,0.22713864306784662,22,55,12,0.2857142857142857,100,239,13,0.2949852507374631,-0.1616292118314184,441
"Singleton, Jon",singj001,HOU,2,7,2,7,0.2857142857142857,0,2,0,0.0,1,6,0,0.14285714285714285,-0.7330411101274263,9
"Siri, Jose",sirij001,NYN,12,24,11,21,0.5238095238095238,0,11,1,0.0,2,19,3,0.09523809523809523,-1.3243842733112428,36
"Slater, Austin",slata001,CHA+NYA,45,115,39,109,0.3577981651376147,5,34,6,0.1282051282051282,27,82,6,0.24770642201834864,-1.6208659130429168,160
"Smith, Cam",smitc010,HOU,135,358,124,319,0.3887147335423197,33,91,11,0.2661290322580645,71,248,39,0.2225705329153605,0.962712038156708,493
"Smith, Dominic",smitd008,SFN,60,165,55,153,0.35947712418300654,19,36,5,0.34545454545454546,39,114,12,0.2549019607843137,1.2674023792986486,225
"Smith, Josh",smitj007,TEX,123,440,105,391,0.26854219948849106,18,87,18,0.17142857142857143,106,285,49,0.2710997442455243,-2.1598135695634526,563
"Smith, Pavin",smitp002,ARI,71,217,61,185,0.32972972972972975,13,48,10,0.21311475409836064,50,135,32,0.2702702702702703,-0.8991176606280189,288
"Smith, Will",smitw003,LAN,123,313,100,267,0.37453183520599254,32,68,23,0.32,75,192,46,0.2808988764044944,0.7297551356642666,436
"Soderstrom, Tyler",sodet001,ATH,190,434,171,392,0.4362244897959184,45,126,19,0.2631578947368421,110,282,42,0.28061224489795916,-0.4275220712731985,624
"Sogard, Nick",sogan001,BOS,29,75,27,69,0.391304347826087,7,20,2,0.25925925925925924,18,51,6,0.2608695652173913,-0.01616882708614841,104
"Solak, Nick",solan001,PIT,1,10,1,10,0.1,0,1,0,0.0,1,9,0,0.1,-0.44758761584105033,11
"Solano, Donovan",solad001,SEA+TEX,56,123,52,116,0.4482758620689655,12,40,4,0.23076923076923078,29,87,7,0.25,-0.26922720749304413,179
"Soler, Jorge",solej001,ANA,69,246,61,221,0.27601809954751133,14,47,8,0.22950819672131148,46,175,25,0.2081447963800905,0.35852005712453805,315
"Sosa, Edmundo",sosae001,PHI,64,197,57,188,0.30319148936170215,16,41,7,0.2807017543859649,51,137,9,0.2712765957446808,0.1395797390688598,261
"Sosa, Lenyn",sosal001,CHA,152,392,143,378,0.3783068783068783,40,103,9,0.27972027972027974,97,281,14,0.2566137566137566,0.5324426726204882,544
"Soto, Juan",sotoj001,NYN,193,522,149,434,0.3433179723502304,34,115,44,0.22818791946308725,118,316,88,0.271889400921659,-1.0584460616153373,715
"Springer, George",sprig001,TOR,142,444,116,386,0.3005181347150259,37,79,26,0.31896551724137934,117,269,58,0.30310880829015546,0.32392643372304525,586
"Stallings, Jacob",stalj001,BAL+COL,35,94,34,85,0.4,6,28,1,0.17647058823529413,10,75,9,0.11764705882352941,0.8310454182466858,129
"Stanton, Giancarlo",stanm004,NYA,88,193,73,177,0.4124293785310734,22,51,15,0.3013698630136986,46,131,16,0.2598870056497175,0.6660952137376003,281
"Steer, Spencer",stees001,CIN,148,420,132,379,0.3482849604221636,33,99,16,0.25,88,291,41,0.23218997361477572,0.4128581444312325,568
"Stefanic, Michael",stefm001,TOR,5,20,5,17,0.29411764705882354,0,5,0,0.0,4,13,3,0.23529411764705882,-1.5204980301179536,25
"Stephenson, Tyler",stept001,CIN,87,255,74,229,0.3231441048034934,20,54,13,0.2702702702702703,49,180,26,0.21397379912663755,0.9905617604224133,342
"Stevens, Chad",stevc002,ANA,2,12,2,11,0.18181818181818182,0,2,0,0.0,2,9,1,0.18181818181818182,-0.8551804972773867,14
"Stevenson, Cal",stevc001,PHI,4,4,4,4,1.0,1,3,0,0.25,1,3,0,0.25,0.0,8
"Stewart, Sal",stews004,CIN,11,47,10,45,0.2222222222222222,3,7,1,0.3,11,34,2,0.24444444444444444,0.3597738617907042,58
"Story, Trevor",stort001,BOS,182,472,172,441,0.3900226757369615,50,122,10,0.29069767441860467,111,330,31,0.25170068027210885,0.9793504426554605,654
"Stott, Bryson",stotb001,PHI,154,406,138,365,0.3780821917808219,42,96,16,0.30434782608695654,86,279,41,0.2356164383561644,1.5605668105060564,560
"Stowers, Kyle",stowk001,MIA,123,334,110,293,0.37542662116040953,27,83,13,0.24545454545454545,88,205,41,0.3003412969283277,-1.097504415581896,457
"Straw, Myles",stram002,TOR,82,217,74,194,0.38144329896907214,18,56,8,0.24324324324324326,52,142,23,0.26804123711340205,-0.41514785186691994,299
"Stubbs, C. J.",stubc001,WAS,0,3,0,3,0.0,0,0,0,,0,3,0,0.0,,3
"Stubbs, Garrett",stubg001,PHI,0,1,0,1,0.0,0,0,0,,0,1,0,0.0,,1
"Suarez, Eugenio",suare001,ARI+SEA,184,473,159,436,0.3646788990825688,36,123,25,0.22641509433962265,98,338,37,0.22477064220183487,0.04247610576696002,657
"Sullivan, Brett",sullb001,PIT,3,6,2,5,0.4,1,1,1,0.5,0,5,1,0.0,1.7230901699556944,9
"Suwinski, Jack",suwij001,PIT,42,136,35,115,0.30434782608695654,5,30,7,0.14285714285714285,17,98,21,0.14782608695652175,-0.07294128663623045,178
"Suzuki, Seiya",suzus001,CHN,181,470,157,422,0.37203791469194314,46,111,24,0.2929936305732484,94,328,48,0.22274881516587677,1.7318479806998548,651
"Swanson, Dansby",swand001,CHN,174,471,157,438,0.3584474885844749,31,126,17,0.19745222929936307,113,325,33,0.2579908675799087,-1.5426005620476473,645
"Sweeney, Trey",sweet001,DET,83,243,77,223,0.3452914798206278,15,62,6,0.19480519480519481,43,180,20,0.19282511210762332,0.037909399879717656,326
"Tatis, Fernando",tatif002,SDN,136,555,107,489,0.21881390593047034,26,81,29,0.24299065420560748,133,356,66,0.2719836400817996,-0.6190093284669648,691
"Tauchman, Mike",taucm001,CHA,73,312,63,273,0.23076923076923078,19,44,10,0.30158730158730157,69,204,39,0.25274725274725274,0.7856274364801702,385
"Taveras, Leody",tavel001,SEA+TEX,48,132,44,128,0.34375,13,31,4,0.29545454545454547,22,106,4,0.171875,1.7062744697254515,180
"Tawa, Tim",tawat001,ARI,65,160,54,148,0.36486486486486486,6,48,11,0.1111111111111111,34,114,12,0.22972972972972974,-1.961031190036966,225
"Taylor, Chris",taylc001,ANA+LAN,33,92,31,83,0.37349397590361444,8,23,2,0.25806451612903225,13,70,9,0.1566265060240964,1.2111425726436051,125
"Taylor, Michael",taylm002,CHA,80,245,71,226,0.3141592920353982,10,61,9,0.14084507042253522,49,177,19,0.2168141592920354,-1.4415189989620418,325
"Taylor, Samad",tayls003,SEA,4,5,4,4,1.0,0,4,0,0.0,1,3,1,0.25,-1.2367867330920561,9
"Taylor, Tyrone",taylt002,NYN,74,267,67,245,0.27346938775510204,21,46,7,0.31343283582089554,48,197,22,0.19591836734693877,1.994144669072046,341
"Teel, Kyle",teelk001,CHA,68,229,58,196,0.29591836734693877,23,35,10,0.39655172413793105,46,150,33,0.23469387755102042,2.3723014212238054,297
"Tellez, Rowdy",tellr001,SEA+TEX,86,226,81,211,0.38388625592417064,18,63,5,0.2222222222222222,48,163,15,0.22748815165876776,-0.096440873270116,312
"Tena, Jose",tenaj001,WAS,36,133,34,119,0.2857142857142857,11,23,2,0.3235294117647059,26,93,14,0.2184873949579832,1.2329649943209193,169
"Teodosio, Bryce",teodb001,ANA,25,125,22,118,0.1864406779661017,2,20,3,0.09090909090909091,26,92,7,0.22033898305084745,-1.502410425805717,150
"Thaiss, Matt",thaim001,CHA+TBA,49,141,37,120,0.30833333333333335,9,28,12,0.24324324324324326,25,95,21,0.20833333333333334,0.44639398502616895,190
"Thomas, Alek",thoma004,ARI,124,345,117,320,0.365625,25,92,7,0.21367521367521367,83,237,25,0.259375,-0.990992741210226,469
"Thomas, Colby",thomc005,ATH,37,95,36,87,0.41379310344827586,8,28,1,0.2222222222222222,19,68,8,0.21839080459770116,0.04666936664371383,132
"Thomas, Lane",thoml002,CLE,33,109,29,98,0.29591836734693877,4,25,4,0.13793103448275862,16,82,11,0.16326530612244897,-0.3331910566127279,142
"Thomas, Rhylan",thomr008,SEA,2,8,2,7,0.2857142857142857,0,2,0,0.0,1,6,1,0.14285714285714285,-0.7330411101274263,10
"Toglia, Michael",toglm001,COL,75,262,64,244,0.26229508196721313,10,54,11,0.15625,48,196,18,0.19672131147540983,-0.7501412523227426,337
"Tolbert, Tyler",tolbt001,KCA,15,42,14,38,0.3684210526315789,2,12,1,0.14285714285714285,12,26,4,0.3157894736842105,-1.3031377075290937,57
"Torkelson, Spencer",torks001,DET,155,494,131,437,0.2997711670480549,30,101,24,0.22900763358778625,105,332,57,0.2402745995423341,-0.2665296263837147,649
"Toro, Abraham",toroa001,BOS,71,213,62,202,0.3069306930693069,15,47,9,0.24193548387096775,47,155,11,0.23267326732673269,0.15013616960124077,284
"Torrens, Luis",torrl001,NYN,64,219,56,205,0.2731707317073171,17,39,8,0.30357142857142855,42,163,14,0.2048780487804878,1.5265907038992133,283
"Torres, Gleyber",torrg001,DET,130,498,114,425,0.26823529411764707,34,80,16,0.2982456140350877,102,323,73,0.24,1.2545834784957146,628
"Tovar, Ezequiel",tovae001,COL,79,311,73,289,0.25259515570934254,20,53,6,0.273972602739726,71,218,22,0.24567474048442905,0.4944672051177153,390
"Trammell, Taylor",tramt001,HOU,26,109,24,94,0.2553191489361702,2,22,2,0.08333333333333333,21,73,15,0.22340425531914893,-1.6678436904115705,135
"Trejo, Alan",treja001,COL,7,36,6,35,0.17142857142857143,0,6,1,0.0,7,28,1,0.2,-1.565082126090109,43
"Trevino, Jose",trevj001,CIN,75,227,70,216,0.32407407407407407,15,55,5,0.21428571428571427,52,164,11,0.24074074074074073,-0.4573539022605838,302
"Triolo, Jared",trioj001,PIT,80,296,66,266,0.24812030075187969,10,56,14,0.15151515151515152,65,201,30,0.24436090225563908,-1.6723761009431173,376
"Tromp, Chadwick",tromc001,ATL+BAL,7,15,7,14,0.5,0,7,0,0.0,3,11,1,0.21428571428571427,-1.6360470263591889,22
"Trout, Mike",troum001,ANA,129,427,97,365,0.26575342465753427,23,74,32,0.23711340206185566,83,282,62,0.2273972602739726,0.20171694657870098,556
"Tucker, Kyle",tuckk001,CHN,137,460,108,395,0.27341772151898736,28,80,29,0.25925925925925924,105,290,65,0.26582278481012656,-0.13726794865255762,597
"Turang, Brice",turab002,MIL,170,489,149,440,0.3386363636363636,53,96,21,0.35570469798657717,115,325,49,0.26136363636363635,2.173958620387805,659
"Turner, Justin",turnj001,CHN,51,140,41,132,0.3106060606060606,11,30,10,0.2682926829268293,26,106,8,0.19696969696969696,0.9549172937832776,191
"Turner, Trea",turnt001,PHI,157,482,145,446,0.3251121076233184,49,96,12,0.33793103448275863,130,316,36,0.2914798206278027,1.0503150942409019,639
"Urias, Luis",urial001,ATH,74,256,61,229,0.2663755458515284,11,50,13,0.18032786885245902,55,174,27,0.24017467248908297,-1.0107819447221722,330
"Urias, Ramon",uriar001,BAL+HOU,102,289,97,265,0.3660377358490566,19,78,5,0.1958762886597938,66,199,24,0.2490566037735849,-1.0715708507150046,391
"Urshela, Gio",urshg001,ATH,54,143,49,133,0.3684210526315789,11,38,5,0.22448979591836735,32,101,10,0.24060150375939848,-0.2278151356545585,197
"Valdez, Enmanuel",valde002,PIT,22,80,17,74,0.22972972972972974,5,12,5,0.29411764705882354,14,60,6,0.1891891891891892,0.9295330884018346,102
"Valera, George",valeg001,CLE,14,34,11,30,0.36666666666666664,4,7,3,0.36363636363636365,5,25,4,0.16666666666666666,1.304414711934002,48
"Vargas, Ildemaro",vargi001,ARI,33,88,30,86,0.3488372093023256,10,20,3,0.3333333333333333,21,65,2,0.2441860465116279,0.9363260504590293,121
"Vargas, Miguel",vargm001,CHA,139,430,110,397,0.2770780856423174,24,86,29,0.21818181818181817,94,303,33,0.2367758186397985,-0.41059421597734314,569
"Varsho, Daulton",varsd001,TOR,75,196,71,182,0.3901098901098901,17,54,4,0.23943661971830985,42,140,14,0.23076923076923078,0.1462106566562215,271
"Vaughn, Andrew",vauga001,CHA+MIL,138,309,124,288,0.4305555555555556,31,93,14,0.25,72,216,21,0.25,0.0,447
"Vavra, Terrin",vavrt001,BAL,1,0,1,0,,0,1,0,0.0,0,0,0,,,1
"Vazquez, Christian",vazqc001,MIN,55,159,47,145,0.32413793103448274,8,39,8,0.1702127659574468,28,117,14,0.19310344827586207,-0.35235144775737115,214
"Vazquez, Luis",vazql001,BAL,7,46,6,44,0.13636363636363635,1,5,1,0.16666666666666666,7,37,2,0.1590909090909091,0.04725750076613015,53
"Veen, Zac",veenz001,COL,6,31,6,28,0.21428571428571427,1,5,0,0.16666666666666666,3,25,3,0.10714285714285714,0.3944563149730982,37
"Verdugo, Alex",verda001,ATL,54,159,48,149,0.3221476510067114,12,36,6,0.25,35,114,10,0.2348993288590604,0.21270593832024254,213
"Vientos, Mark",vienm001,NYN,123,340,110,318,0.34591194968553457,22,88,13,0.2,77,241,22,0.24213836477987422,-0.9136024130461234,463
"Vierling, Matt",vierm001,DET,21,79,18,72,0.25,6,12,3,0.3333333333333333,15,57,7,0.20833333333333334,1.0881268354019862,100
"Vilade, Ryan",vilar001,SLN,3,12,3,10,0.3,0,3,0,0.0,1,9,2,0.1,-0.7411236275136437,15
"Villar, David",villd001,SFN,8,17,5,15,0.3333333333333333,0,5,3,0.0,4,11,2,0.26666666666666666,-1.6182218015415846,25
"Vivas, Jorbit",vivaj001,NYA,17,49,14,42,0.3333333333333333,1,13,3,0.07142857142857142,8,34,7,0.19047619047619047,-1.126890801846115,66
"Volpe, Anthony",volpa001,NYA,183,413,165,381,0.4330708661417323,31,134,18,0.18787878787878787,83,298,32,0.2178477690288714,-0.7971001939668123,596
"Wade, LaMonte",wadel001,ANA+SFN,68,174,55,155,0.3548387096774194,10,45,13,0.18181818181818182,25,130,19,0.16129032258064516,0.34834667269954406,242
"Wade, Tyler",wadet002,SDN,35,92,28,79,0.35443037974683544,8,20,7,0.2857142857142857,14,65,13,0.17721518987341772,1.190328395370152,127
"Wagaman, Eric",wagae001,MIA,138,376,127,354,0.3587570621468927,30,97,11,0.23622047244094488,89,265,22,0.2514124293785311,-0.34151570176167184,514
"Wagner, Will",wagnw001,SDN+TOR,42,107,37,92,0.40217391304347827,9,28,5,0.24324324324324326,20,72,15,0.21739130434782608,0.31636737840141227,149
"Walker, Christian",walkc002,HOU,175,465,155,434,0.35714285714285715,36,119,20,0.23225806451612904,103,331,31,0.23732718894009217,-0.1277325467317853,640
"Walker, Jordan",walkj003,SLN,105,291,98,266,0.3684210526315789,26,72,7,0.2653061224489796,52,214,25,0.19548872180451127,1.4172096079864522,396
"Wallner, Matt",wallm001,MIN,79,313,64,274,0.23357664233576642,11,53,15,0.171875,57,217,39,0.20802919708029197,-0.6594068702512863,392
"Walls, Taylor",wallt003,TBA,94,223,83,205,0.40487804878048783,18,65,11,0.21686746987951808,44,161,18,0.2146341463414634,0.04174303722219729,317
"Walton, Donovan",waltd002,PHI,2,7,2,6,0.3333333333333333,0,2,0,0.0,1,5,1,0.16666666666666666,-0.7884085702903874,9
"Ward, Taylor",wardt002,ANA,173,490,148,437,0.33867276887871856,35,113,25,0.23648648648648649,97,340,53,0.2219679633867277,0.36387305610952264,663
"Waters, Drew",wated001,KCA,55,164,52,154,0.33766233766233766,12,40,3,0.23076923076923078,38,116,10,0.24675324675324675,-0.23333851092317132,219
"Wells, Austin",wella002,NYA,135,313,123,289,0.42560553633217996,28,95,12,0.22764227642276422,60,229,24,0.20761245674740483,0.4519648218872005,448
"Westburg, Jordan",westj002,BAL,60,292,54,275,0.19636363636363635,19,35,6,0.35185185185185186,68,207,17,0.24727272727272728,1.555448803632579,352
"Whitcomb, Shay",whits003,HOU,7,25,7,25,0.28,1,6,0,0.14285714285714285,3,22,0,0.12,0.1594123606837,32
"White, Eli",white006,ATL,75,196,69,188,0.3670212765957447,17,52,6,0.2463768115942029,43,145,8,0.22872340425531915,0.2953152048803328,271
"Wiemer, Joey",wiemj001,MIA,24,37,23,34,0.6764705882352942,5,18,1,0.21739130434782608,8,26,3,0.23529411764705882,-0.15833793067139218,61
"Williams, Carson",willc002,TBA,27,79,24,75,0.32,3,21,3,0.125,14,61,4,0.18666666666666668,-0.7173227760329582,106
"Williams, Luke",willl001,ATL,18,16,17,15,1.1333333333333333,2,15,1,0.11764705882352941,2,13,1,0.13333333333333333,-0.13378101875873544,34
"Williamson, Ben",willb004,SEA,73,222,71,206,0.3446601941747573,19,52,2,0.2676056338028169,51,155,16,0.24757281553398058,0.3335997174446448,295
"Wilson, Jacob",wilsj006,ATH,130,393,117,370,0.3162162162162162,43,74,13,0.36752136752136755,108,262,23,0.2918918918918919,1.5260503030952082,523
"Wilson, Weston",wilsw002,PHI,27,98,23,88,0.26136363636363635,7,16,4,0.30434782608695654,15,73,10,0.17045454545454544,1.3793894625974719,125
"Wilson, Will",wilsw003,CLE,27,64,18,60,0.3,3,15,9,0.16666666666666666,12,48,4,0.2,-0.31874921397139566,91
"Winker, Jesse",winkj002,NYN,25,56,21,51,0.4117647058823529,4,17,4,0.19047619047619047,12,39,5,0.23529411764705882,-0.4203716473932968,81
"Winkler, Jack",winkj003,MIA,2,14,2,14,0.14285714285714285,1,1,0,0.5,3,11,0,0.21428571428571427,0.8209143742849528,16
"Winn, Masyn",winnm001,SLN,122,415,113,380,0.29736842105263156,36,77,9,0.3185840707964602,88,292,35,0.23157894736842105,1.838312635208012,537
"Wisely, Brett",wiseb001,ATL+SFN,18,45,13,41,0.3170731707317073,5,8,5,0.38461538461538464,5,36,4,0.12195121951219512,2.005363085553295,63
"Witt, Bobby",wittb002,KCA,171,516,150,480,0.3125,46,104,21,0.30666666666666664,138,342,36,0.2875,0.44915164666489377,687
"Wong, Connor",wongc001,BOS,57,131,51,119,0.42857142857142855,3,48,6,0.058823529411764705,29,90,12,0.24369747899159663,-3.075811664247696,188
"Wood, James",woodj004,WAS,178,511,150,451,0.3325942350332594,38,112,28,0.25333333333333335,115,336,60,0.2549889135254989,-0.04033595470731266,689
"Workman, Gage",workg001,CHA+CHN,9,8,9,7,1.2857142857142858,1,8,0,0.1111111111111111,2,5,1,0.2857142857142857,-0.887541616092569,17
"Wynns, Austin",wynna001,ATH+CIN,30,80,27,77,0.35064935064935066,9,18,3,0.3333333333333333,21,56,3,0.2727272727272727,0.5927579782612367,110
"Yastrzemski, Mike",yastm001,KCA+SFN,126,432,107,375,0.2853333333333333,17,90,19,0.1588785046728972,94,281,57,0.25066666666666665,-2.0519108985900165,558
"Yelich, Christian",yelic001,MIL,178,466,159,415,0.38313253012048193,48,111,19,0.3018867924528302,103,312,51,0.24819277108433735,1.296004318283076,644
"Yorke, Nick",yorkn001,PIT,19,53,18,51,0.35294117647058826,4,14,1,0.2222222222222222,12,39,2,0.23529411764705882,-0.11334008686917485,72
"Yoshida, Masataka",yoshm002,BOS,61,144,56,136,0.4117647058823529,12,44,5,0.21428571428571427,38,98,8,0.27941176470588236,-0.946647248403034,205
"Young, Cole",younc005,SEA,79,178,67,158,0.4240506329113924,14,53,12,0.208955223880597,33,125,20,0.2088607594936709,0.0015938837543285048,257
"Young, Jacob",younj004,WAS,102,262,84,241,0.34854771784232363,24,60,18,0.2857142857142857,51,190,21,0.21161825726141079,1.366250960404669,364
"Young, Jared",younj003,NYN,9,38,9,35,0.2571428571428571,1,8,0,0.1111111111111111,7,28,3,0.2,-0.6458422224057251,47
"d'Arnaud, Travis",darnt001,ANA,53,178,48,166,0.2891566265060241,10,38,5,0.20833333333333334,32,134,12,0.1927710843373494,0.2378189506846499,231
